date,estacion,parametro,caudal_m3s,caudal_z
2013-01-15,El_Banco_Magdalena,Caudal medio mensual,2103.0,-0.8801978446724523
2013-02-15,El_Banco_Magdalena,Caudal medio mensual,2471.0,0.18934255394251126
2013-03-15,El_Banco_Magdalena,Caudal medio mensual,2912.0,0.14214029467649264
2013-04-15,El_Banco_Magdalena,Caudal medio mensual,3097.0,-0.4307223961396112
2013-05-15,El_Banco_Magdalena,Caudal medio mensual,4558.0,-0.04180031130421145
2013-06-15,El_Banco_Magdalena,Caudal medio mensual,4736.0,0.015539203769858517
2013-07-15,El_Banco_Magdalena,Caudal medio mensual,3506.0,-0.33854639223811894
2013-08-15,El_Banco_Magdalena,Caudal medio mensual,3324.0,0.11949605076636288
2013-09-15,El_Banco_Magdalena,Caudal medio mensual,3941.0,0.537683331515473
2013-10-15,El_Banco_Magdalena,Caudal medio mensual,4479.0,0.33764010934213995
2013-11-15,El_Banco_Magdalena,Caudal medio mensual,4828.0,-0.28727586189167587
2013-12-15,El_Banco_Magdalena,Caudal medio mensual,4902.0,0.46991833446090414
2014-01-15,El_Banco_Magdalena,Caudal medio mensual,3270.0,0.39961060516855434
2014-02-15,El_Banco_Magdalena,Caudal medio mensual,2530.0,0.29656178792008536
2014-03-15,El_Banco_Magdalena,Caudal medio mensual,3489.0,0.8399455795342383
2014-04-15,El_Banco_Magdalena,Caudal medio mensual,2919.0,-0.6015354060194362
2014-05-15,El_Banco_Magdalena,Caudal medio mensual,4653.0,0.04473905845197611
2014-06-15,El_Banco_Magdalena,Caudal medio mensual,4061.0,-0.6335862949180054
2014-07-15,El_Banco_Magdalena,Caudal medio mensual,2914.0,-0.9295258078882768
2014-08-15,El_Banco_Magdalena,Caudal medio mensual,2319.0,-0.8923730423779005
2014-09-15,El_Banco_Magdalena,Caudal medio mensual,2776.0,-0.5788779313396131
2014-10-15,El_Banco_Magdalena,Caudal medio mensual,4149.0,0.005364204891904537
2014-11-15,El_Banco_Magdalena,Caudal medio mensual,5288.0,0.2133605631463881
2014-12-15,El_Banco_Magdalena,Caudal medio mensual,4565.0,0.1586978508815713
2015-01-15,El_Banco_Magdalena,Caudal medio mensual,2579.0,-0.3581851436233356
2015-02-15,El_Banco_Magdalena,Caudal medio mensual,2878.0,0.9289735408725561
2015-03-15,El_Banco_Magdalena,Caudal medio mensual,2537.0,-0.3113726720854738
2015-04-15,El_Banco_Magdalena,Caudal medio mensual,3709.0,0.15656727827866374
2015-05-15,El_Banco_Magdalena,Caudal medio mensual,3658.0,-0.8616469721523041
2015-06-15,El_Banco_Magdalena,Caudal medio mensual,3677.0,-1.0028665786159903
2015-07-15,El_Banco_Magdalena,Caudal medio mensual,2733.0,-1.1102137711191529
2015-08-15,El_Banco_Magdalena,Caudal medio mensual,2304.0,-0.9074755661561731
2015-09-15,El_Banco_Magdalena,Caudal medio mensual,2403.0,-0.9363692197902114
2015-10-15,El_Banco_Magdalena,Caudal medio mensual,2492.0,-1.6630635941203382
2015-11-15,El_Banco_Magdalena,Caudal medio mensual,3340.0,-1.9067258628843697
2015-12-15,El_Banco_Magdalena,Caudal medio mensual,2471.0,-1.7751172607360042
2016-01-15,El_Banco_Magdalena,Caudal medio mensual,1344.23535119049,-1.7123087349784119
2016-02-15,El_Banco_Magdalena,Caudal medio mensual,1245.65207758617,-2.037451778213806
2016-03-15,El_Banco_Magdalena,Caudal medio mensual,1680.74713763439,-1.3468974078450833
2016-04-15,El_Banco_Magdalena,Caudal medio mensual,2480.66887499999,-1.0221683205433776
2016-05-15,El_Banco_Magdalena,Caudal medio mensual,3735.79998387097,-0.7907757977182481
2016-06-15,El_Banco_Magdalena,Caudal medio mensual,3348.43583527779,-1.3188360264326808
2016-07-15,El_Banco_Magdalena,Caudal medio mensual,2831.0233827957,-1.0123593767193986
2016-08-15,El_Banco_Magdalena,Caudal medio mensual,2717.80894462366,-0.49083827110012584
2016-09-15,El_Banco_Magdalena,Caudal medio mensual,3256.5759648611,-0.11828350539702812
2016-10-15,El_Banco_Magdalena,Caudal medio mensual,4201.72688776876,0.05845473314102834
2016-11-15,El_Banco_Magdalena,Caudal medio mensual,5523.47274583328,0.4696349841634967
2016-12-15,El_Banco_Magdalena,Caudal medio mensual,5765.34884645168,1.267223513957495
2017-01-15,El_Banco_Magdalena,Caudal medio mensual,4210.56409723122,1.431094649087658
2017-02-15,El_Banco_Magdalena,Caudal medio mensual,2901.98184778913,0.9725551569626797
2017-03-15,El_Banco_Magdalena,Caudal medio mensual,3243.64809623651,0.5432248601303
2017-04-15,El_Banco_Magdalena,Caudal medio mensual,4595.26287527776,1.0070460944075526
2017-05-15,El_Banco_Magdalena,Caudal medio mensual,6018.38260631718,1.2885216924177605
2017-06-15,El_Banco_Magdalena,Caudal medio mensual,6063.72563035355,1.2923696658793495
2017-07-15,El_Banco_Magdalena,Caudal medio mensual,4760.25112358263,0.9135424525142736
2017-08-15,El_Banco_Magdalena,Caudal medio mensual,3759.32738010752,0.5577988580601584
2017-09-15,El_Banco_Magdalena,Caudal medio mensual,4190.15183194444,0.7764758500721619
2017-10-15,El_Banco_Magdalena,Caudal medio mensual,4605.75203861366,0.46526631622476156
2017-11-15,El_Banco_Magdalena,Caudal medio mensual,5086.34325930552,-0.006110544997333941
2017-12-15,El_Banco_Magdalena,Caudal medio mensual,5049.97257500004,0.6065714393510866
2018-01-15,El_Banco_Magdalena,Caudal medio mensual,4017.07608588714,1.2189030536625622
2018-02-15,El_Banco_Magdalena,Caudal medio mensual,2619.89139598217,0.45991918823166206
2018-03-15,El_Banco_Magdalena,Caudal medio mensual,2409.67983709674,-0.46534959157047207
2018-04-15,El_Banco_Magdalena,Caudal medio mensual,4165.71899666662,0.5948456293456253
2018-05-15,El_Banco_Magdalena,Caudal medio mensual,5638.48082822572,0.9424536877304975
2018-06-15,El_Banco_Magdalena,Caudal medio mensual,5724.24927416676,0.965906319208996
2018-07-15,El_Banco_Magdalena,Caudal medio mensual,3709.86123104843,-0.13503660980784363
2018-08-15,El_Banco_Magdalena,Caudal medio mensual,2928.34342379036,-0.2788648059160379
2018-09-15,El_Banco_Magdalena,Caudal medio mensual,3358.5688066666,-0.020531354110738222
2018-10-15,El_Banco_Magdalena,Caudal medio mensual,4865.46352258056,0.7267689472284412
2018-11-15,El_Banco_Magdalena,Caudal medio mensual,6061.01819541668,1.0546672280220017
2018-12-15,El_Banco_Magdalena,Caudal medio mensual,4223.57415604852,-0.1566099125043674
2019-01-15,El_Banco_Magdalena,Caudal medio mensual,2130.57120000003,-0.8499614652960216
2019-02-15,El_Banco_Magdalena,Caudal medio mensual,2251.03253571425,-0.21039885318812407
2019-03-15,El_Banco_Magdalena,Caudal medio mensual,2760.66659717737,-0.04087746661490649
2019-04-15,El_Banco_Magdalena,Caudal medio mensual,3963.88945624994,0.40116522888924927
2019-05-15,El_Banco_Magdalena,Caudal medio mensual,4454.04889516125,-0.1364936070747886
2019-06-15,El_Banco_Magdalena,Caudal medio mensual,5244.78095500005,0.5048172647139997
2019-07-15,El_Banco_Magdalena,Caudal medio mensual,3369.49810322586,-0.4748129651954151
2019-08-15,El_Banco_Magdalena,Caudal medio mensual,2466.15258387099,-0.7442146825815087
2019-09-15,El_Banco_Magdalena,Caudal medio mensual,2419.67918333328,-0.9203835287979379
2019-10-15,El_Banco_Magdalena,Caudal medio mensual,3776.65589354832,-0.36954783976854017
2019-11-15,El_Banco_Magdalena,Caudal medio mensual,4917.60742666668,-0.18975251027587758
2019-12-15,El_Banco_Magdalena,Caudal medio mensual,3859.12177500005,-0.4931827501053887
2020-01-15,El_Banco_Magdalena,Caudal medio mensual,2497.29408508069,-0.4477891884525759
2020-02-15,El_Banco_Magdalena,Caudal medio mensual,1661.3051823276,-1.2820957190481028
2020-03-15,El_Banco_Magdalena,Caudal medio mensual,2035.07890322582,-0.9183799405614161
2020-04-15,El_Banco_Magdalena,Caudal medio mensual,2327.67899749998,-1.1689810253575483
2020-05-15,El_Banco_Magdalena,Caudal medio mensual,2688.70126532256,-1.7446206732518377
2020-06-15,El_Banco_Magdalena,Caudal medio mensual,3478.16618458332,-1.1940785780061578
2020-07-15,El_Banco_Magdalena,Caudal medio mensual,3949.45999879029,0.10414909923030195
2020-08-15,El_Banco_Magdalena,Caudal medio mensual,3696.96413548384,0.4950093657388677
2020-09-15,El_Banco_Magdalena,Caudal medio mensual,4619.89261666666,1.1883487370161765
2020-10-15,El_Banco_Magdalena,Caudal medio mensual,4765.35170967742,0.6259666951722493
2020-11-15,El_Banco_Magdalena,Caudal medio mensual,5405.59576833326,0.3413447480550133
2020-12-15,El_Banco_Magdalena,Caudal medio mensual,5627.56958440868,1.1399839633336788
2022-01-15,El_Banco_Magdalena,Caudal medio mensual,3277.06425591402,0.40735772977061285
2022-02-15,El_Banco_Magdalena,Caudal medio mensual,2712.53442142857,0.6282770563965424
2022-03-15,El_Banco_Magdalena,Caudal medio mensual,3862.71012258058,1.2918986099355636
2022-04-15,El_Banco_Magdalena,Caudal medio mensual,5213.47097499993,1.600293208147052
2022-05-15,El_Banco_Magdalena,Caudal medio mensual,6272.55264354839,1.5200555327640302
2022-06-15,El_Banco_Magdalena,Caudal medio mensual,6314.09547874998,1.5331421883930354
2022-07-15,El_Banco_Magdalena,Caudal medio mensual,6110.66524153228,2.26162851047307
2022-08-15,El_Banco_Magdalena,Caudal medio mensual,5920.91156767243,2.734157297489297
2022-09-15,El_Banco_Magdalena,Caudal medio mensual,5646.85821958331,2.172614840450811
2022-10-15,El_Banco_Magdalena,Caudal medio mensual,6172.54697862899,2.042866939805507
2022-11-15,El_Banco_Magdalena,Caudal medio mensual,6861.14007291668,1.9254719157314442
2022-12-15,El_Banco_Magdalena,Caudal medio mensual,5389.44882258079,0.9200787447985002
2023-01-15,El_Banco_Magdalena,Caudal medio mensual,3891.88753496864,1.0816131091134216
2023-02-15,El_Banco_Magdalena,Caudal medio mensual,2859.71670721726,0.8957477671987751
2023-03-15,El_Banco_Magdalena,Caudal medio mensual,3584.43384148744,0.9553602050874656
2023-04-15,El_Banco_Magdalena,Caudal medio mensual,4029.53634569443,0.4641615366154374
2023-05-15,El_Banco_Magdalena,Caudal medio mensual,3810.80946650984,-0.7224466045255586
2023-06-15,El_Banco_Magdalena,Caudal medio mensual,3945.35888569446,-0.7447945852771226
2023-07-15,El_Banco_Magdalena,Caudal medio mensual,3146.7516044355,-0.697175457920492
2023-08-15,El_Banco_Magdalena,Caudal medio mensual,2541.50912643367,-0.6683430841880895
2023-09-15,El_Banco_Magdalena,Caudal medio mensual,2356.38114675927,-0.9810497396591603
2023-10-15,El_Banco_Magdalena,Caudal medio mensual,2828.53673752238,-1.3242058703597919
2023-11-15,El_Banco_Magdalena,Caudal medio mensual,4262.44729708335,-0.9027895213673405
2023-12-15,El_Banco_Magdalena,Caudal medio mensual,2482.9954468414,-1.764039430567664
2024-01-15,El_Banco_Magdalena,Caudal medio mensual,2075.70511814235,-0.910131195519781
2024-02-15,El_Banco_Magdalena,Caudal medio mensual,1664.26559182769,-1.276715840423364
2024-03-15,El_Banco_Magdalena,Caudal medio mensual,1312.92938385415,-1.7917243964973475
2024-04-15,El_Banco_Magdalena,Caudal medio mensual,1704.10209102178,-1.7673801730378378
2024-05-15,El_Banco_Magdalena,Caudal medio mensual,4080.57105313619,-0.47670978672478476
2024-06-15,El_Banco_Magdalena,Caudal medio mensual,4505.54441032405,-0.206082425228374
2024-07-15,El_Banco_Magdalena,Caudal medio mensual,4740.18174431008,0.8935076720498263
2024-08-15,El_Banco_Magdalena,Caudal medio mensual,3165.94170546597,-0.039642559337197354
2024-09-15,El_Banco_Magdalena,Caudal medio mensual,2383.18967471758,-0.955355865124897
2024-10-15,El_Banco_Magdalena,Caudal medio mensual,3194.02553434139,-0.9561964142098982
2024-11-15,El_Banco_Magdalena,Caudal medio mensual,4123.36701615272,-1.0541561618856023
2024-12-15,El_Banco_Magdalena,Caudal medio mensual,4050.3506472984,-0.3165823284109586
2025-01-15,El_Banco_Magdalena,Caudal medio mensual,3470.95813450721,0.6199944257397738
2025-02-15,El_Banco_Magdalena,Caudal medio mensual,2606.33590943201,0.43528513934858654
2025-03-15,El_Banco_Magdalena,Caudal medio mensual,3705.71349455645,1.1020319258106352
2025-04-15,El_Banco_Magdalena,Caudal medio mensual,4344.81286944443,0.7667083454142335
2025-05-15,El_Banco_Magdalena,Caudal medio mensual,5678.29691317202,0.9787237813874622
2025-06-15,El_Banco_Magdalena,Caudal medio mensual,5539.74008555556,0.7884698465130869
2025-07-15,El_Banco_Magdalena,Caudal medio mensual,4370.88005752692,0.5248426466212289
2025-08-15,El_Banco_Magdalena,Caudal medio mensual,3319.82293870969,0.11529043960234885
2025-09-15,El_Banco_Magdalena,Caudal medio mensual,3208.59279611111,-0.16427161483503458
2025-10-15,El_Banco_Magdalena,Caudal medio mensual,4194.01114032254,0.050685772652536265
2025-11-15,El_Banco_Magdalena,Caudal medio mensual,5406.50198888889,0.34233102418385397
2025-12-15,El_Banco_Magdalena,Caudal medio mensual,4331.49774354843,-0.05694216445885329
2013-01-15,Ganaderia_Caribe_Aracataca,Caudal medio mensual,2.656,-1.4827230840432413
2013-02-15,Ganaderia_Caribe_Aracataca,Caudal medio mensual,2.766,-0.5810251341650894
2013-03-15,Ganaderia_Caribe_Aracataca,Caudal medio mensual,10.42,1.4693817499027828
2013-04-15,Ganaderia_Caribe_Aracataca,Caudal medio mensual,9.882,-0.34282888060677513
2013-05-15,Ganaderia_Caribe_Aracataca,Caudal medio mensual,14.57,-1.0852173688360016
2013-06-15,Ganaderia_Caribe_Aracataca,Caudal medio mensual,27.16,1.3798552115456457
2013-07-15,Ganaderia_Caribe_Aracataca,Caudal medio mensual,16.79,0.6738356101167206
2013-08-15,Ganaderia_Caribe_Aracataca,Caudal medio mensual,14.5,-0.2762810048353304
2013-09-15,Ganaderia_Caribe_Aracataca,Caudal medio mensual,19.28,-0.21806824118784573
2013-10-15,Ganaderia_Caribe_Aracataca,Caudal medio mensual,24.36,-0.08100486103411599
2013-11-15,Ganaderia_Caribe_Aracataca,Caudal medio mensual,19.95,-0.44026173687602627
2013-12-15,Ganaderia_Caribe_Aracataca,Caudal medio mensual,6.746,-1.1714722502317663
2014-01-15,Ganaderia_Caribe_Aracataca,Caudal medio mensual,6.61,0.27170345641246546
2014-02-15,Ganaderia_Caribe_Aracataca,Caudal medio mensual,5.794,1.360106805116628
2014-03-15,Ganaderia_Caribe_Aracataca,Caudal medio mensual,4.521,-0.6504252065766664
2014-04-15,Ganaderia_Caribe_Aracataca,Caudal medio mensual,14.13,0.4617915314322823
2014-05-15,Ganaderia_Caribe_Aracataca,Caudal medio mensual,22.05,0.14028080308198165
2014-06-15,Ganaderia_Caribe_Aracataca,Caudal medio mensual,22.47,0.3489193873162092
2014-07-15,Ganaderia_Caribe_Aracataca,Caudal medio mensual,17.92,0.9363672676102712
2014-08-15,Ganaderia_Caribe_Aracataca,Caudal medio mensual,25.72,1.7048060872327244
2014-09-15,Ganaderia_Caribe_Aracataca,Caudal medio mensual,21.89,0.17785743669097362
2014-10-15,Ganaderia_Caribe_Aracataca,Caudal medio mensual,36.74,1.496145986057719
2014-11-15,Ganaderia_Caribe_Aracataca,Caudal medio mensual,22.71,-0.19180053853849777
2014-12-15,Ganaderia_Caribe_Aracataca,Caudal medio mensual,15.84,1.3859498012138718
2015-01-15,Ganaderia_Caribe_Aracataca,Caudal medio mensual,6.903,0.40171027896014394
2015-07-15,Ganaderia_Caribe_Aracataca,Caudal medio mensual,10.65,-0.7526638385650466
2015-08-15,Ganaderia_Caribe_Aracataca,Caudal medio mensual,9.99,-1.0726003261568036
2015-09-15,Ganaderia_Caribe_Aracataca,Caudal medio mensual,13.6,-1.0796996014758515
2015-10-15,Ganaderia_Caribe_Aracataca,Caudal medio mensual,13.74,-1.433940401915803
2015-11-15,Ganaderia_Caribe_Aracataca,Caudal medio mensual,17.15,-0.6923238221459826
2015-12-15,Ganaderia_Caribe_Aracataca,Caudal medio mensual,9.68,-0.3463703919800068
2016-01-15,Ganaderia_Caribe_Aracataca,Caudal medio mensual,6.2322715053769,0.10410181350575139
2016-02-15,Ganaderia_Caribe_Aracataca,Caudal medio mensual,2.7652974137931,-0.5814755346031053
2016-03-15,Ganaderia_Caribe_Aracataca,Caudal medio mensual,2.40368951612911,-1.4112811978864446
2016-04-15,Ganaderia_Caribe_Aracataca,Caudal medio mensual,9.50616666666588,-0.4140160678773287
2016-05-15,Ganaderia_Caribe_Aracataca,Caudal medio mensual,24.6667338709701,0.5689977249094846
2016-06-15,Ganaderia_Caribe_Aracataca,Caudal medio mensual,21.0324166666682,0.03291594197571513
2016-07-15,Ganaderia_Caribe_Aracataca,Caudal medio mensual,14.1203103448291,0.05358954802344615
2016-08-15,Ganaderia_Caribe_Aracataca,Caudal medio mensual,20.6579489247324,0.8110125003698134
2016-09-15,Ganaderia_Caribe_Aracataca,Caudal medio mensual,25.4349888888902,0.7156168730537072
2016-12-15,Ganaderia_Caribe_Aracataca,Caudal medio mensual,11.181443548388,0.07586677974291567
2017-01-15,Ganaderia_Caribe_Aracataca,Caudal medio mensual,5.51522580645176,-0.21405802587560382
2017-02-15,Ganaderia_Caribe_Aracataca,Caudal medio mensual,1.74435714285725,-1.235960266443432
2017-03-15,Ganaderia_Caribe_Aracataca,Caudal medio mensual,7.18096774193587,0.3054347906036336
2017-04-15,Ganaderia_Caribe_Aracataca,Caudal medio mensual,11.4918499999987,-0.03790464088925398
2017-05-15,Ganaderia_Caribe_Aracataca,Caudal medio mensual,24.0121954022989,0.46176033228828817
2017-06-15,Ganaderia_Caribe_Aracataca,Caudal medio mensual,21.5288666666675,0.1420434664827474
2017-07-15,Ganaderia_Caribe_Aracataca,Caudal medio mensual,16.0689677419358,0.506318978421224
2017-08-15,Ganaderia_Caribe_Aracataca,Caudal medio mensual,17.3895111111114,0.23391268185005445
2017-09-15,Ganaderia_Caribe_Aracataca,Caudal medio mensual,29.8634361111136,1.3873931061607474
2017-10-15,Ganaderia_Caribe_Aracataca,Caudal medio mensual,27.2089516129038,0.2819375016165203
2017-11-15,Ganaderia_Caribe_Aracataca,Caudal medio mensual,32.8531750000017,0.7213101192324012
2017-12-15,Ganaderia_Caribe_Aracataca,Caudal medio mensual,10.5753666666675,-0.09457465221039577
2018-02-15,Ganaderia_Caribe_Aracataca,Caudal medio mensual,4.01093750000002,0.21705542847017242
2018-05-15,Ganaderia_Caribe_Aracataca,Caudal medio mensual,32.8083862179495,1.9028988034676413
2018-06-15,Ganaderia_Caribe_Aracataca,Caudal medio mensual,19.1440544871807,-0.3821757893576839
2018-07-15,Ganaderia_Caribe_Aracataca,Caudal medio mensual,11.8140806451617,-0.482214262254903
2018-08-15,Ganaderia_Caribe_Aracataca,Caudal medio mensual,11.53835,-0.7992120731261821
2018-09-15,Ganaderia_Caribe_Aracataca,Caudal medio mensual,18.4125804597707,-0.34965202259421324
2018-10-15,Ganaderia_Caribe_Aracataca,Caudal medio mensual,29.6745384615401,0.5960410869885095
2018-11-15,Ganaderia_Caribe_Aracataca,Caudal medio mensual,14.8162729885059,-0.9024109996345633
2018-12-15,Ganaderia_Caribe_Aracataca,Caudal medio mensual,6.16494354838729,-1.3348774165490194
2019-01-15,Ganaderia_Caribe_Aracataca,Caudal medio mensual,3.74507294050343,-0.9994913007070357
2019-04-15,Ganaderia_Caribe_Aracataca,Caudal medio mensual,9.34133457167818,-0.4452371762074286
2019-05-15,Ganaderia_Caribe_Aracataca,Caudal medio mensual,21.4801936180253,0.04692563203155442
2019-06-15,Ganaderia_Caribe_Aracataca,Caudal medio mensual,23.3648093123698,0.5456125591661317
2019-07-15,Ganaderia_Caribe_Aracataca,Caudal medio mensual,9.08554301075276,-1.1161324106574775
2019-08-15,Ganaderia_Caribe_Aracataca,Caudal medio mensual,10.8417711632455,-0.922205240871469
2019-09-15,Ganaderia_Caribe_Aracataca,Caudal medio mensual,16.7654251507421,-0.5995183376512422
2019-10-15,Ganaderia_Caribe_Aracataca,Caudal medio mensual,18.7688637820514,-0.7932879969261571
2019-11-15,Ganaderia_Caribe_Aracataca,Caudal medio mensual,13.4017722222224,-1.0297474327650527
2019-12-15,Ganaderia_Caribe_Aracataca,Caudal medio mensual,7.62327578671338,-0.9247640423870205
2020-04-15,Ganaderia_Caribe_Aracataca,Caudal medio mensual,5.70946696226005,-1.1331549757275137
2020-05-15,Ganaderia_Caribe_Aracataca,Caudal medio mensual,12.6547399425281,-1.3990071681915293
2020-06-15,Ganaderia_Caribe_Aracataca,Caudal medio mensual,14.688179166667,-1.361647323732395
2020-07-15,Ganaderia_Caribe_Aracataca,Caudal medio mensual,6.5688938172039,-1.700822750579768
2020-08-15,Ganaderia_Caribe_Aracataca,Caudal medio mensual,12.098298387097,-0.7003433991598547
2020-09-15,Ganaderia_Caribe_Aracataca,Caudal medio mensual,15.5796680555558,-0.7793925452034475
2020-10-15,Ganaderia_Caribe_Aracataca,Caudal medio mensual,24.1938405172418,-0.10217275836726916
2020-11-15,Ganaderia_Caribe_Aracataca,Caudal medio mensual,39.5707310606084,1.3260391151446722
2020-12-15,Ganaderia_Caribe_Aracataca,Caudal medio mensual,10.4900403225812,-0.1185701958584653
2021-01-15,Ganaderia_Caribe_Aracataca,Caudal medio mensual,5.23677419354854,-0.3376095938852413
2021-04-15,Ganaderia_Caribe_Aracataca,Caudal medio mensual,11.7429196428574,0.009650858048473591
2021-05-15,Ganaderia_Caribe_Aracataca,Caudal medio mensual,18.6436935483875,-0.417797048447905
2021-06-15,Ganaderia_Caribe_Aracataca,Caudal medio mensual,26.2833055555553,1.1871439728077005
2021-07-15,Ganaderia_Caribe_Aracataca,Caudal medio mensual,17.1764798850572,0.7636260568529896
2021-08-15,Ganaderia_Caribe_Aracataca,Caudal medio mensual,23.45108189655,1.304188942161038
2021-09-15,Ganaderia_Caribe_Aracataca,Caudal medio mensual,22.0755937499999,0.20601120346445342
2021-10-15,Ganaderia_Caribe_Aracataca,Caudal medio mensual,20.3877903225805,-0.587044752598619
2021-11-15,Ganaderia_Caribe_Aracataca,Caudal medio mensual,16.3245689655169,-0.7666309177882495
2021-12-15,Ganaderia_Caribe_Aracataca,Caudal medio mensual,9.3599529569892,-0.43637428084033103
2022-01-15,Ganaderia_Caribe_Aracataca,Caudal medio mensual,4.51349431818191,-0.6585355952814761
2022-03-15,Ganaderia_Caribe_Aracataca,Caudal medio mensual,7.79295416666577,0.5253522478698531
2022-04-15,Ganaderia_Caribe_Aracataca,Caudal medio mensual,25.427235119047,2.6016187386803296
2022-05-15,Ganaderia_Caribe_Aracataca,Caudal medio mensual,28.2490384615388,1.1559105226361346
2022-06-15,Ganaderia_Caribe_Aracataca,Caudal medio mensual,25.7113958333321,1.0614292135614314
2022-07-15,Ganaderia_Caribe_Aracataca,Caudal medio mensual,22.2037435897449,1.9316047055687648
2022-08-15,Ganaderia_Caribe_Aracataca,Caudal medio mensual,22.7367011494253,1.1780525360157013
2022-09-15,Ganaderia_Caribe_Aracataca,Caudal medio mensual,34.8327616666674,2.141218236115989
2022-10-15,Ganaderia_Caribe_Aracataca,Caudal medio mensual,39.1794966666675,1.8069258111233368
2022-11-15,Ganaderia_Caribe_Aracataca,Caudal medio mensual,38.2782430555568,1.2096865359519176
2022-12-15,Ganaderia_Caribe_Aracataca,Caudal medio mensual,18.2549032258068,2.06507084385578
2023-01-15,Ganaderia_Caribe_Aracataca,Caudal medio mensual,10.049462962963,1.7978251324713197
2023-02-15,Ganaderia_Caribe_Aracataca,Caudal medio mensual,4.88875000000013,0.7797865646825057
2023-05-15,Ganaderia_Caribe_Aracataca,Caudal medio mensual,19.06605978261,-0.348597977870424
2023-06-15,Ganaderia_Caribe_Aracataca,Caudal medio mensual,20.483568965518,-0.08772942202465035
2023-07-15,Ganaderia_Caribe_Aracataca,Caudal medio mensual,15.9624791666673,0.48157860482001513
2023-08-15,Ganaderia_Caribe_Aracataca,Caudal medio mensual,18.5450714285721,0.437947051638598
2024-01-15,Ganaderia_Caribe_Aracataca,Caudal medio mensual,4.94325000000014,-0.4678490059811368
2024-02-15,Ganaderia_Caribe_Aracataca,Caudal medio mensual,2.03526666666667,-1.0494695900538349
2024-04-15,Ganaderia_Caribe_Aracataca,Caudal medio mensual,9.93862990196036,-0.33210252113194555
2024-05-15,Ganaderia_Caribe_Aracataca,Caudal medio mensual,14.9304999999992,-1.0261542550692302
2024-06-15,Ganaderia_Caribe_Aracataca,Caudal medio mensual,14.5527916666671,-1.391407627336395
2024-07-15,Ganaderia_Caribe_Aracataca,Caudal medio mensual,12.003185483871,-0.43827974301029865
2024-08-15,Ganaderia_Caribe_Aracataca,Caudal medio mensual,9.48130107526897,-1.1624200118549803
2024-09-15,Ganaderia_Caribe_Aracataca,Caudal medio mensual,18.070237847223,-0.4015839118431612
2024-10-15,Ganaderia_Caribe_Aracataca,Caudal medio mensual,17.2389879032251,-0.9881866268321559
2024-11-15,Ganaderia_Caribe_Aracataca,Caudal medio mensual,42.220989583334,1.5646211471956324
2024-12-15,Ganaderia_Caribe_Aracataca,Caudal medio mensual,13.1327177239148,0.6246056850550604
2025-01-15,Ganaderia_Caribe_Aracataca,Caudal medio mensual,9.56964608308371,1.5849259244240574
2025-02-15,Ganaderia_Caribe_Aracataca,Caudal medio mensual,5.37418786870802,1.0909817269961555
2025-03-15,Ganaderia_Caribe_Aracataca,Caudal medio mensual,5.66741037640901,-0.23846238391315674
2025-04-15,Ganaderia_Caribe_Aracataca,Caudal medio mensual,9.75007572965301,-0.3678168657208397
2025-06-15,Ganaderia_Caribe_Aracataca,Caudal medio mensual,14.1726916666675,-1.4749595904044537
2025-07-15,Ganaderia_Caribe_Aracataca,Caudal medio mensual,10.2017392473123,-0.8568077663459388
2025-08-15,Ganaderia_Caribe_Aracataca,Caudal medio mensual,11.8914973118282,-0.736857743263314
2025-09-15,Ganaderia_Caribe_Aracataca,Caudal medio mensual,12.8057611111097,-1.200182195530109
2025-10-15,Ganaderia_Caribe_Aracataca,Caudal medio mensual,23.4619422043012,-0.1954129881119665
2025-11-15,Ganaderia_Caribe_Aracataca,Caudal medio mensual,15.9707611111111,-0.7984814697762548
2025-12-15,Ganaderia_Caribe_Aracataca,Caudal medio mensual,11.8913602150539,0.2755101201893812
