date,estacion,VH_db,month,tipo,year,VH_z
2018-01-01,CP Aguas Negras,-19.300796509342643,1,manglar,2018,-0.6309662834772792
2018-02-01,CP Aguas Negras,-19.383360521164825,2,manglar,2018,-0.6916512404571525
2018-03-01,CP Aguas Negras,-19.55819476952564,3,manglar,2018,-0.8201552775821289
2018-04-01,CP Aguas Negras,-20.484226751128777,4,manglar,2018,-1.5007933634179136
2018-05-01,CP Aguas Negras,-20.404885048328488,5,manglar,2018,-1.4424768195039002
2018-06-01,CP Aguas Negras,-20.48984891711252,6,manglar,2018,-1.5049256832183622
2018-07-01,CP Aguas Negras,-21.275811275678016,7,manglar,2018,-2.082611903457633
2018-08-01,CP Aguas Negras,-20.890809349282673,8,manglar,2018,-1.7996335836687596
2018-09-01,CP Aguas Negras,-20.600525947918406,9,manglar,2018,-1.5862738481740621
2018-10-01,CP Aguas Negras,-20.817966320471136,10,manglar,2018,-1.7460935972733291
2018-11-01,CP Aguas Negras,-20.411477214300763,11,manglar,2018,-1.447322094092704
2018-12-01,CP Aguas Negras,-20.923654187942006,12,manglar,2018,-1.8237747025056836
2019-01-01,CP Aguas Negras,-20.74775385231667,1,manglar,2019,-1.6944870859693355
2019-02-01,CP Aguas Negras,-21.092290537733508,2,manglar,2019,-1.9477232535327393
2019-03-01,CP Aguas Negras,-21.412326234643213,3,manglar,2019,-2.182951073382591
2019-04-01,CP Aguas Negras,-20.75947424219662,4,manglar,2019,-1.7031016304900644
2019-05-01,CP Aguas Negras,-20.027821721265042,5,manglar,2019,-1.1653334094814534
2019-06-01,CP Aguas Negras,-20.34428159823728,6,manglar,2019,-1.3979329839943382
2019-07-01,CP Aguas Negras,-20.16900648388925,7,manglar,2019,-1.2691049081886172
2019-08-01,CP Aguas Negras,-20.400588574914774,8,manglar,2019,-1.4393188902981595
2019-09-01,CP Aguas Negras,-19.830376037050396,9,manglar,2019,-1.0202098551872045
2019-10-01,CP Aguas Negras,-19.8979014361681,10,manglar,2019,-1.0698413574612478
2019-11-01,CP Aguas Negras,-20.238770751147218,11,manglar,2019,-1.3203819896172673
2019-12-01,CP Aguas Negras,-20.07310211769277,12,manglar,2019,-1.1986147247737178
2020-01-01,CP Aguas Negras,-19.454893325282384,1,manglar,2020,-0.7442282052232656
2020-02-01,CP Aguas Negras,-19.094483317706988,2,manglar,2020,-0.47932506737752634
2020-03-01,CP Aguas Negras,-19.47330553969994,3,manglar,2020,-0.7577612738711407
2020-04-01,CP Aguas Negras,-19.690445846440824,4,manglar,2020,-0.9173604731148334
2020-05-01,CP Aguas Negras,-19.33718399753238,5,manglar,2020,-0.6577112672379484
2020-06-01,CP Aguas Negras,-18.21607682461595,6,manglar,2020,0.16630804888717526
2020-07-01,CP Aguas Negras,-18.381952969108692,7,manglar,2020,0.04438826240430867
2020-08-01,CP Aguas Negras,-18.7073150532807,8,manglar,2020,-0.19475447842306304
2020-09-01,CP Aguas Negras,-18.494265645481093,9,manglar,2020,-0.038162110131276517
2020-10-01,CP Aguas Negras,-18.438786878488155,10,manglar,2020,0.002615057958783627
2020-11-01,CP Aguas Negras,-18.50164847732588,11,manglar,2020,-0.04358852804632925
2020-12-01,CP Aguas Negras,-18.6950177248195,12,manglar,2020,-0.1857158811920758
2021-01-01,CP Aguas Negras,-18.7363798686345,1,manglar,2021,-0.21611726143767887
2021-02-01,CP Aguas Negras,-18.96622484485199,2,manglar,2021,-0.38505445557304135
2021-03-01,CP Aguas Negras,-19.192274588748063,3,manglar,2021,-0.5512021351842094
2021-04-01,CP Aguas Negras,-18.688472746374046,4,manglar,2021,-0.18090528966883437
2021-05-01,CP Aguas Negras,-18.3931323713894,5,manglar,2021,0.036171346444283554
2021-06-01,CP Aguas Negras,-17.994585848160202,6,manglar,2021,0.3291050118859622
2021-07-01,CP Aguas Negras,-17.912741541094245,7,manglar,2021,0.38926098231096956
2021-08-01,CP Aguas Negras,-18.10060145534805,8,manglar,2021,0.2511830163409115
2021-09-01,CP Aguas Negras,-18.171096137665632,9,manglar,2021,0.1993690762314379
2021-10-01,CP Aguas Negras,-18.12446851518978,10,manglar,2021,0.23364060933129516
2021-11-01,CP Aguas Negras,-18.085285831107218,11,manglar,2021,0.262440075895823
2021-12-01,CP Aguas Negras,-18.052137102099145,12,manglar,2021,0.2868045556418507
2022-02-01,CP Aguas Negras,-18.1130236094386,2,manglar,2022,0.2420526716550697
2022-03-01,CP Aguas Negras,-18.337151957791196,3,manglar,2022,0.07731722726992614
2022-04-01,CP Aguas Negras,-17.976123689728073,4,manglar,2022,0.3426747896315291
2022-05-01,CP Aguas Negras,-17.135080954319424,5,manglar,2022,0.9608453592306748
2022-06-01,CP Aguas Negras,-17.534349505696227,6,manglar,2022,0.6673809995299753
2022-07-01,CP Aguas Negras,-17.525563426063442,7,manglar,2022,0.6738388115084628
2022-08-01,CP Aguas Negras,-17.889424478062924,8,manglar,2022,0.40639913894512375
2022-09-01,CP Aguas Negras,-17.883553053954174,9,manglar,2022,0.4107146647000678
2022-10-01,CP Aguas Negras,-17.743605649158,10,manglar,2022,0.5135766992847182
2022-11-01,CP Aguas Negras,-17.889108389339277,11,manglar,2022,0.40663146572010705
2022-12-01,CP Aguas Negras,-17.918651421719552,12,manglar,2022,0.3849171908261839
2023-01-01,CP Aguas Negras,-17.701365774097923,1,manglar,2023,0.5446232163359558
2023-02-01,CP Aguas Negras,-17.89583883378095,2,manglar,2023,0.40168455577249035
2023-03-01,CP Aguas Negras,-18.087283611057508,3,manglar,2023,0.26097169775305873
2023-04-01,CP Aguas Negras,-17.984639609624498,4,manglar,2023,0.33641554639524357
2023-05-01,CP Aguas Negras,-17.423090074857708,5,manglar,2023,0.749157231389711
2023-06-01,CP Aguas Negras,-16.779069613626007,6,manglar,2023,1.2225154551661375
2023-07-01,CP Aguas Negras,-16.462486570509018,7,manglar,2023,1.455205557404487
2023-08-01,CP Aguas Negras,-16.632660847890918,8,manglar,2023,1.330126621993222
2023-09-01,CP Aguas Negras,-16.670135392704246,9,manglar,2023,1.302582646238568
2023-10-01,CP Aguas Negras,-16.128134730785895,10,manglar,2023,1.7009558130175262
2023-11-01,CP Aguas Negras,-16.231826114777,11,manglar,2023,1.6247421330156882
2023-12-01,CP Aguas Negras,-17.36519562065608,12,manglar,2023,0.7917099415240684
2024-01-01,CP Aguas Negras,-17.382880664034985,1,manglar,2024,0.7787113471855643
2024-02-01,CP Aguas Negras,-17.47953154746157,2,manglar,2024,0.7076724699149082
2024-03-01,CP Aguas Negras,-17.708918637631022,3,manglar,2024,0.5390718242891624
2024-04-01,CP Aguas Negras,-17.703286166721966,4,manglar,2024,0.5432117182606739
2024-05-01,CP Aguas Negras,-17.563159858963655,5,manglar,2024,0.6462052474071953
2024-06-01,CP Aguas Negras,-17.86712131827943,6,manglar,2024,0.42279207167823185
2024-07-01,CP Aguas Negras,-16.847260196075542,7,manglar,2024,1.1723950398537752
2024-08-01,CP Aguas Negras,-17.421663093079932,8,manglar,2024,0.7502060700530006
2024-09-01,CP Aguas Negras,-17.265449475194824,9,manglar,2024,0.8650238516967123
2024-10-01,CP Aguas Negras,-16.94825668645074,10,manglar,2024,1.098162119986254
2024-11-01,CP Aguas Negras,-17.093726520570772,11,manglar,2024,0.9912410725393841
2024-12-01,CP Aguas Negras,-17.16063933192688,12,manglar,2024,0.9420598252994474
2025-01-01,CP Aguas Negras,-17.045393320719885,1,manglar,2025,1.02676621344421
2025-02-01,CP Aguas Negras,-17.30998973600141,2,manglar,2025,0.8322865397460621
2025-03-01,CP Aguas Negras,-17.5101825565407,3,manglar,2025,0.6851438266682276
2025-04-01,CP Aguas Negras,-17.948826003133593,4,manglar,2025,0.3627387242693444
2025-05-01,CP Aguas Negras,-17.24668783871116,5,manglar,2025,0.8788137472911177
2025-06-01,CP Aguas Negras,-17.014203627672416,6,manglar,2025,1.0496907920714882
2025-07-01,CP Aguas Negras,-17.045630771156052,7,manglar,2025,1.0265916861994016
2025-08-01,CP Aguas Negras,-16.93843945075316,8,manglar,2025,1.1053778367715759
2025-09-01,CP Aguas Negras,-16.944255557720908,9,manglar,2025,1.1011029693888215
2025-10-01,CP Aguas Negras,-16.84718544104438,10,manglar,2025,1.1724499851713523
2025-11-01,CP Aguas Negras,-16.99121967374331,11,manglar,2025,1.0665841118682435
2025-12-01,CP Aguas Negras,-16.993454617721962,12,manglar,2025,1.0649414169918234
2018-01-01,CP Luna,-21.149116568834252,1,manglar,2018,-0.2566121874383011
2018-02-01,CP Luna,-20.210103940327798,2,manglar,2018,0.4681432783611529
2018-03-01,CP Luna,-20.420166910217453,3,manglar,2018,0.30601096941473754
2018-04-01,CP Luna,-22.39722005860955,4,manglar,2018,-1.2199323799864907
2018-05-01,CP Luna,-22.742307630723495,5,manglar,2018,-1.4862803464316803
2018-06-01,CP Luna,-22.513390564953195,6,manglar,2018,-1.3095959338954137
2018-07-01,CP Luna,-23.470564490003472,7,manglar,2018,-2.0483687819286684
2018-08-01,CP Luna,-23.072250420030258,8,manglar,2018,-1.7409391579234266
2018-09-01,CP Luna,-23.240845586807158,9,manglar,2018,-1.871065489475834
2018-10-01,CP Luna,-23.508886240816835,10,manglar,2018,-2.077946550659176
2018-11-01,CP Luna,-23.315185844891758,11,manglar,2018,-1.928443320976836
2018-12-01,CP Luna,-23.468535999868934,12,manglar,2018,-2.04680313811548
2019-01-01,CP Luna,-22.689144366772055,1,manglar,2019,-1.445247494520168
2019-02-01,CP Luna,-22.9784094475694,2,manglar,2019,-1.6685101451048043
2019-03-01,CP Luna,-22.00306177836445,3,manglar,2019,-0.9157103074334124
2019-04-01,CP Luna,-23.404313867703138,4,manglar,2019,-1.9972347511743074
2019-05-01,CP Luna,-22.601329521003986,5,manglar,2019,-1.377469610052338
2019-06-01,CP Luna,-23.18330289790572,6,manglar,2019,-1.826652478370277
2019-07-01,CP Luna,-22.84046249356917,7,manglar,2019,-1.5620389370859378
2019-08-01,CP Luna,-23.17017677439413,8,manglar,2019,-1.8165213795213566
2019-09-01,CP Luna,-22.951090138874786,9,manglar,2019,-1.647424360209901
2019-10-01,CP Luna,-22.687822634715396,10,manglar,2019,-1.4442273457987287
2019-11-01,CP Luna,-23.16162880843886,11,manglar,2019,-1.8099238270929052
2019-12-01,CP Luna,-22.853910119567697,12,manglar,2019,-1.5724181802916029
2020-01-01,CP Luna,-22.03215688057006,1,manglar,2020,-0.9381666980200318
2020-02-01,CP Luna,-21.473466053747394,2,manglar,2020,-0.5069539345923669
2020-03-01,CP Luna,-21.00693216071746,3,manglar,2020,-0.14687039717291506
2020-04-01,CP Luna,-21.468900956538327,4,manglar,2020,-0.5034304685028431
2020-05-01,CP Luna,-21.423746348192054,5,manglar,2020,-0.46857891463498147
2020-06-01,CP Luna,-21.11560501467031,6,manglar,2020,-0.2307470592063401
2020-07-01,CP Luna,-21.003679361883613,7,manglar,2020,-0.1443597986331195
2020-08-01,CP Luna,-20.99449934662357,8,manglar,2020,-0.13727441337432833
2020-09-01,CP Luna,-21.15626780935755,9,manglar,2020,-0.2621317092201875
2020-10-01,CP Luna,-20.866279294887438,10,manglar,2020,-0.038310692866482046
2020-11-01,CP Luna,-20.646111722932936,11,manglar,2020,0.1316206225617458
2020-12-01,CP Luna,-20.825474724855493,12,manglar,2020,-0.006816616788627309
2021-01-01,CP Luna,-20.762104733778504,1,manglar,2021,0.04209406450195435
2021-02-01,CP Luna,-20.95908708472954,2,manglar,2021,-0.10994226726161582
2021-03-01,CP Luna,-20.958590009419773,3,manglar,2021,-0.10955861102874884
2021-04-01,CP Luna,-20.938030909328663,4,manglar,2021,-0.0936905388531391
2021-05-01,CP Luna,-20.82784344069245,5,manglar,2021,-0.008644856045102291
2021-06-01,CP Luna,-20.58022893213556,6,manglar,2021,0.18247075096573342
2021-07-01,CP Luna,-20.383973025703508,7,manglar,2021,0.33394639310730184
2021-08-01,CP Luna,-20.638573338944145,8,manglar,2021,0.13743895219152033
2021-09-01,CP Luna,-20.506645031348302,9,manglar,2021,0.23926480534946987
2021-10-01,CP Luna,-20.402887559473253,10,manglar,2021,0.31934764191215
2021-11-01,CP Luna,-20.478858522767744,11,manglar,2021,0.2607111878132222
2021-12-01,CP Luna,-20.42459018314813,12,manglar,2021,0.3025969671575694
2022-02-01,CP Luna,-20.54401927223372,2,manglar,2022,0.2104183505313974
2022-03-01,CP Luna,-20.134688465351484,3,manglar,2022,0.5263509914798585
2022-04-01,CP Luna,-20.120696389700157,4,manglar,2022,0.5371504557238147
2022-05-01,CP Luna,-19.673743448334722,5,manglar,2022,0.8821208825060094
2022-06-01,CP Luna,-19.579449541354496,6,manglar,2022,0.954899482495876
2022-07-01,CP Luna,-19.743989264101604,7,manglar,2022,0.8279032528586154
2022-08-01,CP Luna,-19.93703365462286,8,manglar,2022,0.6789063459749055
2022-09-01,CP Luna,-19.50953707246332,9,manglar,2022,1.0088598259653836
2022-10-01,CP Luna,-19.528456067739107,10,manglar,2022,0.994257631258621
2022-11-01,CP Luna,-19.571894013058674,11,manglar,2022,0.9607310445677393
2022-12-01,CP Luna,-19.70869235864404,12,manglar,2022,0.8551463637386734
2023-01-01,CP Luna,-19.47877155126532,1,manglar,2023,1.032605491326545
2023-02-01,CP Luna,-19.503724278869814,2,manglar,2023,1.0133462980324937
2023-03-01,CP Luna,-19.34059143530232,3,manglar,2023,1.1392566600848153
2023-04-01,CP Luna,-19.676178634027284,4,manglar,2023,0.8802413400085586
2023-05-01,CP Luna,-19.448289653461188,5,manglar,2023,1.056132248444417
2023-06-01,CP Luna,-19.189753739776833,6,manglar,2023,1.2556772927386797
2023-07-01,CP Luna,-19.114692352585227,7,manglar,2023,1.3136117112822658
2023-08-01,CP Luna,-19.759895387634067,8,manglar,2023,0.8156264744427913
2023-09-01,CP Luna,-20.365101300393388,9,manglar,2023,0.3485121035699291
2023-10-01,CP Luna,-19.930348563268947,10,manglar,2023,0.6840660811595353
2023-11-01,CP Luna,-19.609473734474953,11,manglar,2023,0.9317259942916964
2023-12-01,CP Luna,-19.748181789032852,12,manglar,2023,0.824667348178339
2024-01-01,CP Luna,-19.993104968567412,1,manglar,2024,0.6356289820479594
2024-02-01,CP Luna,-20.044771013995252,2,manglar,2024,0.5957517240821868
2024-03-01,CP Luna,-20.329218266536596,3,manglar,2024,0.3762076042774551
2024-04-01,CP Luna,-20.619148976213637,4,manglar,2024,0.15243120323397788
2024-05-01,CP Luna,-20.437311288894506,5,manglar,2024,0.29277847202682417
2024-06-01,CP Luna,-19.977050013025455,6,manglar,2024,0.6480206330534504
2024-07-01,CP Luna,-19.8792939949335,7,manglar,2024,0.7234713844875632
2024-08-01,CP Luna,-20.30600217608556,8,manglar,2024,0.39412641382067265
2024-09-01,CP Luna,-19.88821612324421,9,manglar,2024,0.7165850433847447
2024-10-01,CP Luna,-19.036869784768044,10,manglar,2024,1.3736772840720193
2024-11-01,CP Luna,-19.8247134936963,11,manglar,2024,0.7655980986518373
2024-12-01,CP Luna,-20.029700938261545,12,manglar,2024,0.6073832180860407
2025-01-01,CP Luna,-19.972954344727636,1,manglar,2025,0.6511817811518169
2025-02-01,CP Luna,-19.847153942803082,2,manglar,2025,0.748277950177367
2025-03-01,CP Luna,-19.955684453458055,3,manglar,2025,0.6645111525696428
2025-04-01,CP Luna,-20.62375029885273,4,manglar,2025,0.14887977737307773
2025-05-01,CP Luna,-20.162965772389878,5,manglar,2025,0.5045257974281424
2025-06-01,CP Luna,-20.062989342562528,6,manglar,2025,0.5816903229827525
2025-07-01,CP Luna,-19.85318484237669,7,manglar,2025,0.7436231379874466
2025-08-01,CP Luna,-19.93636419264881,8,manglar,2025,0.6794230549201392
2025-09-01,CP Luna,-19.61533947950871,9,manglar,2025,0.9271986528639649
2025-10-01,CP Luna,-19.40112491850537,10,manglar,2025,1.0925352726578197
2025-11-01,CP Luna,-19.386441035601464,11,manglar,2025,1.103868692540247
2025-12-01,CP Luna,-19.27276347676524,12,manglar,2025,1.1916081218132448
2018-01-01,Cano Clarin,-18.881037893270854,1,manglar,2018,-1.3375392553284395
2018-02-01,Cano Clarin,-18.89585576089307,2,manglar,2018,-1.3465030934840232
2018-03-01,Cano Clarin,-18.953938079270955,3,manglar,2018,-1.381639087063818
2018-04-01,Cano Clarin,-19.862913468357178,4,manglar,2018,-1.9315095868489225
2018-05-01,Cano Clarin,-18.351193991471323,5,manglar,2018,-1.0170184419063264
2018-06-01,Cano Clarin,-14.796302072830077,6,manglar,2018,1.1334580390359659
2018-07-01,Cano Clarin,-14.817083328058473,7,manglar,2018,1.1208867424576423
2018-08-01,Cano Clarin,-15.227015042273155,8,manglar,2018,0.8729049386823035
2018-09-01,Cano Clarin,-15.291555199036226,9,manglar,2018,0.8338623763845551
2018-10-01,Cano Clarin,-16.519463711478483,10,manglar,2018,0.09105825260540026
2018-11-01,Cano Clarin,-14.748687420140971,11,manglar,2018,1.162261781343635
2018-12-01,Cano Clarin,-15.42804287067644,12,manglar,2018,0.7512962859046391
2019-01-01,Cano Clarin,-18.683948226288184,1,manglar,2019,-1.2183129319455952
2019-02-01,Cano Clarin,-20.759696512922314,2,manglar,2019,-2.474004517772805
2019-03-01,Cano Clarin,-20.637419141666065,3,manglar,2019,-2.400034727113594
2019-04-01,Cano Clarin,-19.96805075862436,4,manglar,2019,-1.9951107525563738
2019-05-01,Cano Clarin,-19.144213812243358,5,manglar,2019,-1.496743427228288
2019-06-01,Cano Clarin,-18.413188402215955,6,manglar,2019,-1.0545209948129597
2019-07-01,Cano Clarin,-16.512254643171683,7,manglar,2019,0.09541926616026665
2019-08-01,Cano Clarin,-18.34157822455204,8,manglar,2019,-1.0112015335222193
2019-09-01,Cano Clarin,-19.653645880140743,9,manglar,2019,-1.8049164197478065
2019-10-01,Cano Clarin,-19.245608031116443,10,manglar,2019,-1.5580802802129572
2019-11-01,Cano Clarin,-17.74164312203276,11,manglar,2019,-0.6482801402460658
2019-12-01,Cano Clarin,-16.99251082156072,12,manglar,2019,-0.19510422656172902
2020-01-01,Cano Clarin,-16.845414887582464,1,manglar,2020,-0.10612083305721207
2020-02-01,Cano Clarin,-16.765820211665716,2,manglar,2020,-0.05797127394695507
2020-03-01,Cano Clarin,-17.67912676887003,3,manglar,2020,-0.6104618464054715
2020-04-01,Cano Clarin,-18.124466785620903,4,manglar,2020,-0.8798633511384897
2020-05-01,Cano Clarin,-17.651485241770246,5,manglar,2020,-0.5937405352416325
2020-06-01,Cano Clarin,-18.163748500983733,6,manglar,2020,-0.9036262128378467
2020-07-01,Cano Clarin,-17.526578996392324,7,manglar,2020,-0.5181804481403922
2020-08-01,Cano Clarin,-15.251594237519042,8,manglar,2020,0.8580361374623299
2020-09-01,Cano Clarin,-14.744713333878844,9,manglar,2020,1.1646658429116186
2020-10-01,Cano Clarin,-14.544076368359194,10,manglar,2020,1.2860380492774737
2020-11-01,Cano Clarin,-14.840898920403308,11,manglar,2020,1.1064798709157213
2020-12-01,Cano Clarin,-15.176619139174216,12,manglar,2020,0.9033911550935015
2021-01-01,Cano Clarin,-16.501459736826977,1,manglar,2021,0.10194947656878428
2021-02-01,Cano Clarin,-17.150021677875824,2,manglar,2021,-0.29038796506936165
2021-03-01,Cano Clarin,-17.370702488489545,3,manglar,2021,-0.4238853832416359
2021-04-01,Cano Clarin,-17.417957758849347,4,manglar,2021,-0.4524717228083716
2021-05-01,Cano Clarin,-18.16967977738182,5,manglar,2021,-0.9072142460855438
2021-06-01,Cano Clarin,-17.24906833719778,6,manglar,2021,-0.35030469847856843
2021-07-01,Cano Clarin,-16.713415032070845,7,manglar,2021,-0.026269577024084525
2021-08-01,Cano Clarin,-17.52072925220329,8,manglar,2021,-0.5146417365322887
2021-09-01,Cano Clarin,-17.20177726187414,9,manglar,2021,-0.3216966992567992
2021-10-01,Cano Clarin,-17.14723128525291,10,manglar,2021,-0.28869996052646607
2021-11-01,Cano Clarin,-16.87791037672218,11,manglar,2021,-0.12577847293234654
2021-12-01,Cano Clarin,-17.278217051096444,12,manglar,2021,-0.3679377588144088
2022-02-01,Cano Clarin,-17.850224653398524,2,manglar,2022,-0.7139648459448046
2022-03-01,Cano Clarin,-17.81936574781499,3,manglar,2022,-0.695297231794001
2022-04-01,Cano Clarin,-17.43488312601646,4,manglar,2022,-0.4627104599787827
2022-05-01,Cano Clarin,-16.476122419220594,5,manglar,2022,0.11727689209918857
2022-06-01,Cano Clarin,-16.25800306130574,6,manglar,2022,0.24922479936873337
2022-07-01,Cano Clarin,-15.866485730722024,7,manglar,2022,0.4860671086627382
2022-08-01,Cano Clarin,-16.24158750362876,8,manglar,2022,0.25915513523092387
2022-09-01,Cano Clarin,-16.002072026095533,9,manglar,2022,0.4040462917119176
2022-10-01,Cano Clarin,-15.709731009842749,10,manglar,2022,0.5808934348190624
2022-11-01,Cano Clarin,-15.794018368739486,11,manglar,2022,0.529905110252093
2022-12-01,Cano Clarin,-15.54971190547687,12,manglar,2022,0.6776944989064903
2023-01-01,Cano Clarin,-15.138927028014814,1,manglar,2023,0.9261924104960391
2023-02-01,Cano Clarin,-15.815481474038938,2,manglar,2023,0.5169213390965129
2023-03-01,Cano Clarin,-16.576501550801225,3,manglar,2023,0.05655410035702328
2023-04-01,Cano Clarin,-16.41461155518505,4,manglar,2023,0.15448693095782007
2023-05-01,Cano Clarin,-15.413248588678476,5,manglar,2023,0.760245856304296
2023-06-01,Cano Clarin,-14.97224474719725,6,manglar,2023,1.0270242593655812
2023-07-01,Cano Clarin,-14.333695093677346,7,manglar,2023,1.4133049236545996
2023-08-01,Cano Clarin,-14.505733557172922,8,manglar,2023,1.3092329355233556
2023-09-01,Cano Clarin,-16.067331016858475,9,manglar,2023,0.36456888198538584
2023-10-01,Cano Clarin,-16.129909217772084,10,manglar,2023,0.32671317431148406
2023-11-01,Cano Clarin,-15.277771039666959,11,manglar,2023,0.8422008888376987
2023-12-01,Cano Clarin,-17.148037317498652,12,manglar,2023,-0.2891875571755394
2024-01-01,Cano Clarin,-17.709186009513502,1,manglar,2024,-0.6286457157095702
2024-02-01,Cano Clarin,-17.761344035853394,2,manglar,2024,-0.6601979011214909
2024-03-01,Cano Clarin,-17.510441092816812,3,manglar,2024,-0.5084180748010314
2024-04-01,Cano Clarin,-16.951660157850743,4,manglar,2024,-0.17039225400398983
2024-05-01,Cano Clarin,-17.96114222961961,5,manglar,2024,-0.7810627055831764
2024-06-01,Cano Clarin,-15.053720712388005,6,manglar,2024,0.9777366436195134
2024-07-01,Cano Clarin,-14.393521791765965,7,manglar,2024,1.3771136947462435
2024-08-01,Cano Clarin,-15.360007801292502,8,manglar,2024,0.7924530411416194
2024-09-01,Cano Clarin,-14.55313110198318,9,manglar,2024,1.2805605292444537
2024-10-01,Cano Clarin,-14.959246500775745,10,manglar,2024,1.034887346025505
2024-11-01,Cano Clarin,-15.17228649845272,11,manglar,2024,0.9060121185953988
2024-12-01,Cano Clarin,-16.072610259950856,12,manglar,2024,0.3613752861272921
2025-01-01,Cano Clarin,-16.370776525409244,1,manglar,2025,0.18100424927063874
2025-02-01,Cano Clarin,-18.60988577738233,2,manglar,2025,-1.1735100073734461
2025-03-01,Cano Clarin,-19.592038144793207,3,manglar,2025,-1.7676477800982409
2025-04-01,Cano Clarin,-18.779008223422345,4,manglar,2025,-1.2758179961765186
2025-05-01,Cano Clarin,-15.77948055392627,5,manglar,2025,0.5386995348240969
2025-06-01,Cano Clarin,-14.269752911266888,6,manglar,2025,1.4519857506841787
2025-07-01,Cano Clarin,-14.444257643186797,7,manglar,2025,1.3464218318941137
2025-08-01,Cano Clarin,-14.50738617423849,8,manglar,2025,1.308233210577325
2025-09-01,Cano Clarin,-14.708359362934788,9,manglar,2025,1.1866576112391163
2025-10-01,Cano Clarin,-14.139984386387503,10,manglar,2025,1.530487198015482
2025-11-01,Cano Clarin,-14.077959591313135,11,manglar,2025,1.5680081314490013
2025-12-01,Cano Clarin,-14.336560892259058,12,manglar,2025,1.4115713034517534
2018-01-01,Cano Palos,-16.018683629832072,1,manglar,2018,-0.4035071144504358
2018-02-01,Cano Palos,-15.687626021692786,2,manglar,2018,0.04132421230000742
2018-03-01,Cano Palos,-15.481388193646326,3,manglar,2018,0.31843926545244294
2018-04-01,Cano Palos,-15.945123539586858,4,manglar,2018,-0.30466681676455987
2018-05-01,Cano Palos,-15.671303732630141,5,manglar,2018,0.06325594055766368
2018-06-01,Cano Palos,-16.312563446759338,6,manglar,2018,-0.7983838538906973
2018-07-01,Cano Palos,-16.76573572959285,7,manglar,2018,-1.4072966922102017
2018-08-01,Cano Palos,-16.048253546206784,8,manglar,2018,-0.4432392481017141
2018-09-01,Cano Palos,-16.61992368308519,9,manglar,2018,-1.2113737938700708
2018-10-01,Cano Palos,-17.165280244508068,10,manglar,2018,-1.9441516452334284
2018-11-01,Cano Palos,-17.132186593746546,11,manglar,2018,-1.8996847844414237
2018-12-01,Cano Palos,-17.117153801979498,12,manglar,2018,-1.8794857117057635
2019-01-01,Cano Palos,-16.832549197185596,1,manglar,2019,-1.4970717727501843
2019-02-01,Cano Palos,-16.33356065259905,2,manglar,2019,-0.8265971155771705
2019-03-01,Cano Palos,-16.174746830730857,3,manglar,2019,-0.6132041551042176
2019-04-01,Cano Palos,-16.821126550101994,4,manglar,2019,-1.4817235338567798
2019-05-01,Cano Palos,-15.759285490417534,5,manglar,2019,-0.05496228214494219
2019-06-01,Cano Palos,-16.817881441102642,6,manglar,2019,-1.4773631865753967
2019-07-01,Cano Palos,-16.765286507069035,7,manglar,2019,-1.4066930865344451
2019-08-01,Cano Palos,-17.113865619958606,8,manglar,2019,-1.8750674886080632
2019-09-01,Cano Palos,-16.960381470813147,9,manglar,2019,-1.6688358358051698
2019-10-01,Cano Palos,-16.67831324025561,10,manglar,2019,-1.2898299403107838
2019-11-01,Cano Palos,-16.976767108413142,11,manglar,2019,-1.69085268342944
2019-12-01,Cano Palos,-16.90219843914652,12,manglar,2019,-1.59065719095814
2020-01-01,Cano Palos,-16.659649637975654,1,manglar,2020,-1.264752265730831
2020-02-01,Cano Palos,-16.418563804098483,2,manglar,2020,-0.9408130820126938
2020-03-01,Cano Palos,-16.319316301476917,3,manglar,2020,-0.8074574448595231
2020-04-01,Cano Palos,-17.18192880993229,4,manglar,2020,-1.9665217804125383
2020-05-01,Cano Palos,-17.0678182902468,5,manglar,2020,-1.8131951912633695
2020-06-01,Cano Palos,-16.198661051966685,6,manglar,2020,-0.6453369153821843
2020-07-01,Cano Palos,-16.91713267917551,7,manglar,2020,-1.610723842932831
2020-08-01,Cano Palos,-16.636940321730123,8,manglar,2020,-1.2342384970490818
2020-09-01,Cano Palos,-16.614635676577247,9,manglar,2020,-1.2042684717359138
2020-10-01,Cano Palos,-16.479871345334633,10,manglar,2020,-1.0231900286147193
2020-11-01,Cano Palos,-15.984903154775251,11,manglar,2020,-0.3581173902201331
2020-12-01,Cano Palos,-15.990578379970971,12,manglar,2020,-0.36574300549479405
2021-01-01,Cano Palos,-16.14559719189457,1,manglar,2021,-0.5740367346944547
2021-02-01,Cano Palos,-16.27790044249443,2,manglar,2021,-0.7518083039041602
2021-03-01,Cano Palos,-15.87335346025709,3,manglar,2021,-0.20823169845181777
2021-04-01,Cano Palos,-15.826947381961322,4,manglar,2021,-0.1458773623179505
2021-05-01,Cano Palos,-16.002123921009975,5,manglar,2021,-0.3812563729938757
2021-06-01,Cano Palos,-15.2147560112637,6,manglar,2021,0.6767042457084724
2021-07-01,Cano Palos,-15.085347883557022,7,manglar,2021,0.8505857325699175
2021-08-01,Cano Palos,-15.406563401554099,8,manglar,2021,0.4189789018235485
2021-09-01,Cano Palos,-15.312746073243428,9,manglar,2021,0.545038190595608
2021-10-01,Cano Palos,-15.394410058445027,10,manglar,2021,0.4353089531703433
2021-11-01,Cano Palos,-15.214449387175176,11,manglar,2021,0.6771162465106253
2021-12-01,Cano Palos,-15.537751739979138,12,manglar,2021,0.24270540379463806
2022-02-01,Cano Palos,-15.299950153235525,2,manglar,2022,0.5622316515950404
2022-03-01,Cano Palos,-15.42045062231158,3,manglar,2022,0.40031909554648515
2022-04-01,Cano Palos,-15.06594246987772,4,manglar,2022,0.8766601549691545
2022-05-01,Cano Palos,-14.681267797263448,5,manglar,2022,1.3935349851476704
2022-06-01,Cano Palos,-14.891700515778195,6,manglar,2022,1.1107833942848675
2022-07-01,Cano Palos,-15.188663909217132,7,manglar,2022,0.7117633535064116
2022-08-01,Cano Palos,-15.225829725213398,8,manglar,2022,0.6618248569036508
2022-09-01,Cano Palos,-15.032864598211182,9,manglar,2022,0.9211058139050959
2022-10-01,Cano Palos,-14.998568849114683,10,manglar,2022,0.9671878950819686
2022-11-01,Cano Palos,-14.961597016139637,11,manglar,2022,1.0168657430164172
2022-12-01,Cano Palos,-15.09668721300735,12,manglar,2022,0.8353494448670005
2023-01-01,Cano Palos,-14.92351516410994,1,manglar,2023,1.0680350874054363
2023-02-01,Cano Palos,-15.164503471347714,2,manglar,2023,0.7442269470565795
2023-03-01,Cano Palos,-15.191817856898812,3,manglar,2023,0.707525496718801
2023-04-01,Cano Palos,-15.144988545576252,4,manglar,2023,0.7704485172876544
2023-05-01,Cano Palos,-14.80634891814213,5,manglar,2023,1.2254675564466004
2023-06-01,Cano Palos,-14.691398274262475,6,manglar,2023,1.3799229931157697
2023-07-01,Cano Palos,-14.710577607501898,7,manglar,2023,1.354152347641004
2023-08-01,Cano Palos,-15.176904974440639,8,manglar,2023,0.7275634512211229
2023-09-01,Cano Palos,-15.16562241852838,9,manglar,2023,0.7427234541698369
2023-10-01,Cano Palos,-15.429145645486752,10,manglar,2023,0.3886358760703447
2023-11-01,Cano Palos,-15.06728384954895,11,manglar,2023,0.874857786788635
2023-12-01,Cano Palos,-15.056361448851616,12,manglar,2023,0.8895338609039619
2024-01-01,Cano Palos,-15.019636716168772,1,manglar,2024,0.9388796882229086
2024-02-01,Cano Palos,-15.19183730167882,2,manglar,2024,0.7074993694011474
2024-03-01,Cano Palos,-15.453833867503217,3,manglar,2024,0.3554631161497416
2024-04-01,Cano Palos,-15.358550727862681,4,manglar,2024,0.483491967869756
2024-05-01,Cano Palos,-15.041454034992796,5,manglar,2024,0.909564467427425
2024-06-01,Cano Palos,-14.783177755333988,6,manglar,2024,1.2566018933139156
2024-07-01,Cano Palos,-14.801275228769885,7,manglar,2024,1.2322849076250255
2024-08-01,Cano Palos,-15.100214562028212,8,manglar,2024,0.830609860860214
2024-09-01,Cano Palos,-15.071742828193383,9,manglar,2024,0.8688664023963442
2024-10-01,Cano Palos,-14.91823788153234,10,manglar,2024,1.0751260001436298
2024-11-01,Cano Palos,-14.757264077822477,11,manglar,2024,1.2914212578747164
2024-12-01,Cano Palos,-15.104342261126584,12,manglar,2024,0.8250636060054302
2025-01-01,Cano Palos,-15.181350530719014,1,manglar,2025,0.7215901020249875
2025-02-01,Cano Palos,-15.251056272038818,2,manglar,2025,0.6279287674684769
2025-03-01,Cano Palos,-15.4241417356307,3,manglar,2025,0.3953594667853202
2025-04-01,Cano Palos,-16.092878722366915,4,manglar,2025,-0.5032006440332399
2025-05-01,Cano Palos,-15.142708791069415,5,manglar,2025,0.7735117491754261
2025-06-01,Cano Palos,-15.180014549140672,6,manglar,2025,0.7233852169638888
2025-07-01,Cano Palos,-15.226585640412967,7,manglar,2025,0.6608091582673162
2025-08-01,Cano Palos,-15.173564773019054,8,manglar,2025,0.732051571093457
2025-09-01,Cano Palos,-15.431174380909376,9,manglar,2025,0.38590993035127974
2025-10-01,Cano Palos,-15.33423265805614,10,manglar,2025,0.5161673663203565
2025-11-01,Cano Palos,-15.525445888301038,11,manglar,2025,0.25924037593900373
2025-12-01,Cano Palos,-15.426333944875665,12,manglar,2025,0.39241386661490446
2018-01-01,Isla Boqueron,-20.416383613806325,1,manglar,2018,0.6561402900955936
2018-02-01,Isla Boqueron,-20.177976807959027,2,manglar,2018,0.8796154392510515
2018-03-01,Isla Boqueron,-20.39801694814106,3,manglar,2018,0.6733566331208954
2018-04-01,Isla Boqueron,-22.155200088860468,4,manglar,2018,-0.9737723700554912
2018-05-01,Isla Boqueron,-22.12906167294117,5,manglar,2018,-0.9492710292674515
2018-06-01,Isla Boqueron,-21.769739958776725,6,manglar,2018,-0.612453993435317
2018-07-01,Isla Boqueron,-22.896426154335543,7,manglar,2018,-1.668574705715546
2018-08-01,Isla Boqueron,-22.694838260265406,8,manglar,2018,-1.4796124630683563
2018-09-01,Isla Boqueron,-22.7067083967322,9,manglar,2018,-1.4907391610163645
2018-10-01,Isla Boqueron,-22.012391583603428,10,manglar,2018,-0.8399081043120609
2018-11-01,Isla Boqueron,-22.653981989601483,11,manglar,2018,-1.441315061498352
2018-12-01,Isla Boqueron,-22.746541429854734,12,manglar,2018,-1.5280774114355835
2019-01-01,Isla Boqueron,-22.575800132924478,1,manglar,2019,-1.368029812698302
2019-02-01,Isla Boqueron,-22.686526084864298,2,manglar,2019,-1.4718208875260081
2019-03-01,Isla Boqueron,-22.730492673906255,3,manglar,2019,-1.513033805123258
2019-04-01,Isla Boqueron,-22.97821213599995,4,manglar,2019,-1.745238349550385
2019-05-01,Isla Boqueron,-22.816326229268245,5,manglar,2019,-1.593491519066836
2019-06-01,Isla Boqueron,-22.79206139894917,6,manglar,2019,-1.5707464193390175
2019-07-01,Isla Boqueron,-22.70721166014655,7,manglar,2019,-1.4912109045397384
2019-08-01,Isla Boqueron,-23.15219018582066,8,manglar,2019,-1.9083199801073667
2019-09-01,Isla Boqueron,-22.45760905634333,9,manglar,2019,-1.257241161451769
2019-10-01,Isla Boqueron,-22.565378325972677,10,manglar,2019,-1.3582607339392219
2019-11-01,Isla Boqueron,-23.014661490245505,11,manglar,2019,-1.7794048442848631
2019-12-01,Isla Boqueron,-22.657974286655516,12,manglar,2019,-1.4450573169950112
2020-01-01,Isla Boqueron,-21.64268484419273,1,manglar,2020,-0.49335646775138686
2020-02-01,Isla Boqueron,-20.562762563087098,2,manglar,2020,0.5189292008086019
2020-03-01,Isla Boqueron,-20.76071359027024,3,manglar,2020,0.3333760444378778
2020-04-01,Isla Boqueron,-20.709411383270282,4,manglar,2020,0.3814651429037277
2020-05-01,Isla Boqueron,-20.561000622174774,5,manglar,2020,0.520580789599389
2020-06-01,Isla Boqueron,-20.6137383599713,6,manglar,2020,0.4711460690664987
2020-07-01,Isla Boqueron,-20.296350069795526,7,manglar,2020,0.7686560131939216
2020-08-01,Isla Boqueron,-20.355603215017727,8,manglar,2020,0.7131139517187863
2020-09-01,Isla Boqueron,-20.44013113053992,9,manglar,2020,0.633880104086007
2020-10-01,Isla Boqueron,-20.424560064954452,10,manglar,2020,0.6484759382605185
2020-11-01,Isla Boqueron,-20.13130717886052,11,manglar,2020,0.9233621028026733
2020-12-01,Isla Boqueron,-20.351050171591318,12,manglar,2020,0.7173818334816907
2021-01-01,Isla Boqueron,-20.251938787576407,1,manglar,2021,0.8102857723898893
2021-02-01,Isla Boqueron,-20.37432496225781,2,manglar,2021,0.6955647662328316
2021-03-01,Isla Boqueron,-20.449277923091813,3,manglar,2021,0.6253061842997685
2021-04-01,Isla Boqueron,-20.565628094707836,4,manglar,2021,0.5162431402992205
2021-05-01,Isla Boqueron,-20.411031569761242,5,manglar,2021,0.6611571302693069
2021-06-01,Isla Boqueron,-20.37970575702125,6,manglar,2021,0.6905209760270068
2021-07-01,Isla Boqueron,-20.063432955773475,7,manglar,2021,0.9869852954136414
2021-08-01,Isla Boqueron,-20.47303838320644,8,manglar,2021,0.6030338655660511
2021-09-01,Isla Boqueron,-20.24825724826667,9,manglar,2021,0.8137367332105819
2021-10-01,Isla Boqueron,-20.18870211428277,10,manglar,2021,0.8695618695892379
2021-11-01,Isla Boqueron,-20.1694012675779,11,manglar,2021,0.8876538849613156
2021-12-01,Isla Boqueron,-20.17152852049849,12,manglar,2021,0.8856598640187049
2022-02-01,Isla Boqueron,-20.080303388578955,2,manglar,2022,0.9711714746876658
2022-03-01,Isla Boqueron,-20.06581299734248,3,manglar,2022,0.9847543182284927
2022-04-01,Isla Boqueron,-20.042973720076557,4,manglar,2022,1.0061631487166385
2022-05-01,Isla Boqueron,-19.56719842666593,5,manglar,2022,1.4521401596561814
2022-06-01,Isla Boqueron,-19.619683158573107,6,manglar,2022,1.402942599000747
2022-07-01,Isla Boqueron,-19.648802754280457,7,manglar,2022,1.375646792696397
2022-08-01,Isla Boqueron,-19.820418258656897,8,manglar,2022,1.2147797389996207
2022-09-01,Isla Boqueron,-19.682184888754342,9,manglar,2022,1.3443554146916201
2022-10-01,Isla Boqueron,-19.761375611320883,10,manglar,2022,1.27012448628171
2022-11-01,Isla Boqueron,-19.560043888891745,11,manglar,2022,1.4588466015739858
2022-12-01,Isla Boqueron,-19.63067630848114,12,manglar,2022,1.3926379610662105
2023-01-01,Isla Boqueron,-19.717611313094867,1,manglar,2023,1.3111477827391407
2023-02-01,Isla Boqueron,-19.764629301534896,2,manglar,2023,1.267074577939966
2023-03-01,Isla Boqueron,-19.850740170551123,3,manglar,2023,1.1863569187736698
2023-04-01,Isla Boqueron,-19.909995587493672,4,manglar,2023,1.130812727858304
2023-05-01,Isla Boqueron,-19.67376665565203,5,manglar,2023,1.3522464054352714
2023-06-01,Isla Boqueron,-19.64030560347667,6,manglar,2023,1.3836117584469512
2023-07-01,Isla Boqueron,-19.678847625602625,7,manglar,2023,1.347483661714395
2023-08-01,Isla Boqueron,-20.87266561323291,8,manglar,2023,0.22843568864173053
2023-09-01,Isla Boqueron,-21.47377246258517,9,manglar,2023,-0.33502323754095975
2023-10-01,Isla Boqueron,-20.42756204405578,10,manglar,2023,0.6456619761127248
2023-11-01,Isla Boqueron,-21.48535414948536,11,manglar,2023,-0.34587955180721225
2023-12-01,Isla Boqueron,-20.919119175717842,12,manglar,2023,0.18489155923557735
2024-01-01,Isla Boqueron,-21.39228901520548,1,manglar,2024,-0.25864317996600794
2024-02-01,Isla Boqueron,-21.593005093718638,2,manglar,2024,-0.4467882097364939
2024-03-01,Isla Boqueron,-21.88266706532944,3,manglar,2024,-0.7183083623610359
2024-04-01,Isla Boqueron,-21.571715403946158,4,manglar,2024,-0.426831914527263
2024-05-01,Isla Boqueron,-21.49803783428421,5,manglar,2024,-0.3577688447415744
2024-06-01,Isla Boqueron,-21.498304875320137,6,manglar,2024,-0.3580191607303401
2024-07-01,Isla Boqueron,-21.287883991934173,7,manglar,2024,-0.1607771477224526
2024-08-01,Isla Boqueron,-21.40223788931315,8,manglar,2024,-0.2679689461379853
2024-09-01,Isla Boqueron,-21.490259610606184,9,manglar,2024,-0.3504777789918616
2024-10-01,Isla Boqueron,-21.13437190032008,10,manglar,2024,-0.016879671940661017
2024-11-01,Isla Boqueron,-21.15489758019941,11,manglar,2024,-0.036119807960471755
2024-12-01,Isla Boqueron,-21.367487742539083,12,manglar,2024,-0.23539523581160118
2025-01-01,Isla Boqueron,-21.459579404811166,1,manglar,2025,-0.3217191051704714
2025-02-01,Isla Boqueron,-21.656864962118437,2,manglar,2025,-0.5066484707092188
2025-03-01,Isla Boqueron,-21.846005158799546,3,manglar,2025,-0.6839426277043704
2025-04-01,Isla Boqueron,-22.585239012741937,4,manglar,2025,-1.3768775260325354
2025-05-01,Isla Boqueron,-22.088824968911638,5,manglar,2025,-0.9115543902538698
2025-06-01,Isla Boqueron,-21.92084689334805,6,manglar,2025,-0.7540969495654362
2025-07-01,Isla Boqueron,-21.582213375041253,7,manglar,2025,-0.4366723871931679
2025-08-01,Isla Boqueron,-21.71973125493679,8,manglar,2025,-0.5655773847328838
2025-09-01,Isla Boqueron,-21.81278258155283,9,manglar,2025,-0.6528008136980467
2025-10-01,Isla Boqueron,-21.528602824021085,10,manglar,2025,-0.38641951860177426
2025-11-01,Isla Boqueron,-21.538649743712593,11,manglar,2025,-0.395837189664616
2025-12-01,Isla Boqueron,-21.66098543272658,12,manglar,2025,-0.5105108721221016
2018-01-01,Punta Cerro,-20.654211696738876,1,limnologica,2018,0.9963325391096255
2018-02-01,Punta Cerro,-20.748053922092826,2,limnologica,2018,0.9139518446017312
2018-03-01,Punta Cerro,-21.0983250338859,3,limnologica,2018,0.6064615080636778
2018-04-01,Punta Cerro,-22.77532626937707,4,limnologica,2018,-0.8657172041235387
2018-05-01,Punta Cerro,-23.01574308579805,5,limnologica,2018,-1.076770429187576
2018-06-01,Punta Cerro,-22.486927666552997,6,limnologica,2018,-0.6125425047156485
2018-07-01,Punta Cerro,-23.566824463716863,7,limnologica,2018,-1.5605448332161203
2018-08-01,Punta Cerro,-23.340361533555175,8,limnologica,2018,-1.3617412200596097
2018-09-01,Punta Cerro,-23.343622101366698,9,limnologica,2018,-1.3646035545768298
2018-10-01,Punta Cerro,-22.674705738135586,10,limnologica,2018,-0.7773860801102054
2018-11-01,Punta Cerro,-23.264240720938105,11,limnologica,2018,-1.294917512648076
2018-12-01,Punta Cerro,-23.2402801356138,12,limnologica,2018,-1.2738833816650696
2019-01-01,Punta Cerro,-23.40546112175864,1,limnologica,2019,-1.418889793296783
2019-02-01,Punta Cerro,-23.740023562255853,2,limnologica,2019,-1.712590055630305
2019-03-01,Punta Cerro,-23.69478746463005,3,limnologica,2019,-1.6728789221273976
2019-04-01,Punta Cerro,-23.431239086740312,4,limnologica,2019,-1.4415193361297725
2019-05-01,Punta Cerro,-23.254975319867622,5,limnologica,2019,-1.2867837522624754
2019-06-01,Punta Cerro,-23.463993268734818,6,limnologica,2019,-1.470273047484847
2019-07-01,Punta Cerro,-23.17683246406694,7,limnologica,2019,-1.2181849662958182
2019-08-01,Punta Cerro,-23.538834804433844,8,limnologica,2019,-1.5359737239731592
2019-09-01,Punta Cerro,-23.075959986579782,9,limnologica,2019,-1.1296326677886057
2019-10-01,Punta Cerro,-22.994209341906956,10,limnologica,2019,-1.057866734497765
2019-11-01,Punta Cerro,-23.167081676490145,11,limnologica,2019,-1.2096251026571887
2019-12-01,Punta Cerro,-23.120277335428906,12,limnologica,2019,-1.1685372649799997
2020-01-01,Punta Cerro,-22.180831903909482,1,limnologica,2020,-0.34383210897016686
2020-02-01,Punta Cerro,-21.238641706590574,2,limnologica,2020,0.4832825776317865
2020-03-01,Punta Cerro,-21.382646273440187,3,limnologica,2020,0.3568661783548656
2020-04-01,Punta Cerro,-21.360619644017973,4,limnologica,2020,0.3762025594202755
2020-05-01,Punta Cerro,-20.96359259823751,5,limnologica,2020,0.7247382388167096
2020-06-01,Punta Cerro,-20.83763040113663,6,limnologica,2020,0.8353158944485118
2020-07-01,Punta Cerro,-20.788051346809656,7,limnologica,2020,0.8788395525149683
2020-08-01,Punta Cerro,-20.782152291412118,8,limnologica,2020,0.8840181198257584
2020-09-01,Punta Cerro,-20.656653034300703,9,limnologica,2020,0.9941893771895739
2020-10-01,Punta Cerro,-20.588729333286707,10,limnologica,2020,1.0538171368891582
2020-11-01,Punta Cerro,-20.63471454180784,11,limnologica,2020,1.0134483860334254
2020-12-01,Punta Cerro,-20.672517915357602,12,limnologica,2020,0.9802621720873615
2021-01-01,Punta Cerro,-20.798415604905017,1,limnologica,2021,0.8697411453029212
2021-02-01,Punta Cerro,-20.97134354838855,2,limnologica,2021,0.7179339601017681
2021-03-01,Punta Cerro,-21.056613568447066,3,limnologica,2021,0.6430784944877804
2021-04-01,Punta Cerro,-21.07584957251911,4,limnologica,2021,0.6261919024548787
2021-05-01,Punta Cerro,-20.986197550097465,5,limnologica,2021,0.7048941694064125
2021-06-01,Punta Cerro,-20.7130922428317,6,limnologica,2021,0.9446434379418356
2021-07-01,Punta Cerro,-20.564647245656257,7,limnologica,2021,1.074957930350883
2021-08-01,Punta Cerro,-20.8742388554024,8,limnologica,2021,0.8031786569107218
2021-09-01,Punta Cerro,-20.693515848744838,9,limnologica,2021,0.9618288460537291
2021-10-01,Punta Cerro,-20.72805777667363,10,limnologica,2021,0.9315057372220416
2021-11-01,Punta Cerro,-20.610611210692124,11,limnologica,2021,1.0346078283822928
2021-12-01,Punta Cerro,-20.711693431466838,12,limnologica,2021,0.9458714038312653
2022-02-01,Punta Cerro,-20.896644622822393,2,limnologica,2022,0.7835094443139455
2022-03-01,Punta Cerro,-20.76210687679101,3,limnologica,2022,0.9016152640959111
2022-04-01,Punta Cerro,-20.658102842610997,4,limnologica,2022,0.992916642926774
2022-05-01,Punta Cerro,-20.226483143766632,5,limnologica,2022,1.3718199609158181
2022-06-01,Punta Cerro,-20.183470945951726,6,limnologica,2022,1.4095788132335059
2022-07-01,Punta Cerro,-20.212108792088817,7,limnologica,2022,1.3844386842021938
2022-08-01,Punta Cerro,-20.460381103711306,8,limnologica,2022,1.1664894041057545
2022-09-01,Punta Cerro,-20.297942524478625,9,limnologica,2022,1.3090883559271878
2022-10-01,Punta Cerro,-20.305780696408423,10,limnologica,2022,1.3022075083682818
2022-11-01,Punta Cerro,-20.11952518585713,11,limnologica,2022,1.4657144825184036
2022-12-01,Punta Cerro,-20.339116207231587,12,limnologica,2022,1.2729434694665003
2023-01-01,Punta Cerro,-20.34267563002271,1,limnologica,2023,1.2698187809750026
2023-02-01,Punta Cerro,-20.508216143986335,2,limnologica,2023,1.1244967528785836
2023-03-01,Punta Cerro,-20.653432896288948,3,limnologica,2023,0.9970162198482931
2023-04-01,Punta Cerro,-20.670990950626113,4,limnologica,2023,0.9816026391808763
2023-05-01,Punta Cerro,-20.294428617859325,5,limnologica,2023,1.3121730874181772
2023-06-01,Punta Cerro,-20.304768530261466,6,limnologica,2023,1.3030960524094017
2023-07-01,Punta Cerro,-20.185262435946253,7,limnologica,2023,1.4080061289818648
2023-08-01,Punta Cerro,-21.44120443193429,8,limnologica,2023,0.30546008959628973
2023-09-01,Punta Cerro,-22.58777130097984,9,limnologica,2023,-0.7010694829437256
2023-10-01,Punta Cerro,-21.75578098777123,10,limnologica,2023,0.02930471233404136
2023-11-01,Punta Cerro,-22.08136524343077,11,limnologica,2023,-0.2565139263534295
2023-12-01,Punta Cerro,-22.15687552215775,12,limnologica,2023,-0.32280166815144035
2024-01-01,Punta Cerro,-22.49582247866,1,limnologica,2024,-0.6203509384577965
2024-02-01,Punta Cerro,-22.29454803800689,2,limnologica,2024,-0.44365938894315976
2024-03-01,Punta Cerro,-22.857059767090103,3,limnologica,2024,-0.9374680847187373
2024-04-01,Punta Cerro,-22.494837171739597,4,limnologica,2024,-0.6194859731599256
2024-05-01,Punta Cerro,-22.32175578148615,5,limnologica,2024,-0.46754408259103564
2024-06-01,Punta Cerro,-22.270117040374952,6,limnologica,2024,-0.4222123000143898
2024-07-01,Punta Cerro,-21.93392183262994,7,limnologica,2024,-0.1270786903861286
2024-08-01,Punta Cerro,-22.523851499760774,8,limnologica,2024,-0.6449566020164885
2024-09-01,Punta Cerro,-22.148255372170585,9,limnologica,2024,-0.3152343503472586
2024-10-01,Punta Cerro,-22.028592335084927,10,limnologica,2024,-0.2101864993946749
2024-11-01,Punta Cerro,-22.143169195732387,11,limnologica,2024,-0.31076938006561783
2024-12-01,Punta Cerro,-22.238084692271304,12,limnologica,2024,-0.3940922605167745
2025-01-01,Punta Cerro,-22.38671690319441,1,limnologica,2025,-0.5245711011016663
2025-02-01,Punta Cerro,-22.95521280046763,2,limnologica,2025,-1.0236330816292354
2025-03-01,Punta Cerro,-22.4790550940624,3,limnologica,2025,-0.6056314581489985
2025-04-01,Punta Cerro,-23.772856041544053,4,limnologica,2025,-1.7414125013467854
2025-05-01,Punta Cerro,-22.90568079349601,5,limnologica,2025,-0.98015072473391
2025-06-01,Punta Cerro,-22.964663404785377,6,limnologica,2025,-1.031929425245115
2025-07-01,Punta Cerro,-22.725278667466412,7,limnologica,2025,-0.8217822250850092
2025-08-01,Punta Cerro,-22.49345970153635,8,limnologica,2025,-0.6182767419041711
2025-09-01,Punta Cerro,-22.736711796680673,9,limnologica,2025,-0.8318189555815081
2025-10-01,Punta Cerro,-22.184799245567106,10,limnologica,2025,-0.3473148946764143
2025-11-01,Punta Cerro,-22.39702218238172,11,limnologica,2025,-0.5336177328641382
2025-12-01,Punta Cerro,-22.631206217086444,12,limnologica,2025,-0.7391994243561143
2018-01-01,Punta Chino,-19.68146833209618,1,manglar,2018,0.8545259128441383
2018-02-01,Punta Chino,-19.847290166463445,2,manglar,2018,0.6908120716702871
2018-03-01,Punta Chino,-19.959334767222963,3,manglar,2018,0.5801918264949483
2018-04-01,Punta Chino,-21.45392075806235,4,manglar,2018,-0.8953943920425443
2018-05-01,Punta Chino,-21.59322917483799,5,manglar,2018,-1.0329318647475887
2018-06-01,Punta Chino,-21.476165129625965,6,manglar,2018,-0.9173559842965069
2018-07-01,Punta Chino,-22.35248165313598,7,manglar,2018,-1.782532423185677
2018-08-01,Punta Chino,-21.85914694196349,8,manglar,2018,-1.2954691793214266
2018-09-01,Punta Chino,-21.787095529576636,9,manglar,2018,-1.2243337131817398
2018-10-01,Punta Chino,-21.25045881703447,10,manglar,2018,-0.6945189402333021
2018-11-01,Punta Chino,-21.856482522750973,11,manglar,2018,-1.2928386312669848
2018-12-01,Punta Chino,-22.000170861157805,12,manglar,2018,-1.434700346295236
2019-01-01,Punta Chino,-21.82839737272686,1,manglar,2019,-1.26511051085428
2019-02-01,Punta Chino,-22.40494757543166,2,manglar,2019,-1.834331377783724
2019-03-01,Punta Chino,-22.304541213684146,3,manglar,2019,-1.7352014216913934
2019-04-01,Punta Chino,-22.30697820246642,4,manglar,2019,-1.7376074305017903
2019-05-01,Punta Chino,-22.01194265893427,5,manglar,2019,-1.4463224962905041
2019-06-01,Punta Chino,-22.220156270814904,6,manglar,2019,-1.651889213820372
2019-07-01,Punta Chino,-21.871703959376273,7,manglar,2019,-1.307866566928298
2019-08-01,Punta Chino,-22.59145420722769,8,manglar,2019,-2.0184670630041577
2019-09-01,Punta Chino,-22.07269879233013,9,manglar,2019,-1.5063062735238275
2019-10-01,Punta Chino,-21.77911433553002,10,manglar,2019,-1.216453979252183
2019-11-01,Punta Chino,-22.213881467815863,11,manglar,2019,-1.6456941786158585
2019-12-01,Punta Chino,-21.864876732451172,12,manglar,2019,-1.301126130430664
2020-01-01,Punta Chino,-21.0032833514061,1,manglar,2020,-0.45048566755624975
2020-02-01,Punta Chino,-20.118609524446097,2,manglar,2020,0.4229418334133405
2020-03-01,Punta Chino,-20.232829976934383,3,manglar,2020,0.3101733968028946
2020-04-01,Punta Chino,-20.54099502859685,4,manglar,2020,0.005925861997185966
2020-05-01,Punta Chino,-20.354297496781335,5,manglar,2020,0.19025002044003314
2020-06-01,Punta Chino,-19.956091177638513,6,manglar,2020,0.5833941822769118
2020-07-01,Punta Chino,-20.0045433906346,7,manglar,2020,0.5355579131074716
2020-08-01,Punta Chino,-19.89218611809384,8,manglar,2020,0.646486855255854
2020-09-01,Punta Chino,-19.79894449457262,9,manglar,2020,0.7385431541274244
2020-10-01,Punta Chino,-19.746702692341174,10,manglar,2020,0.7901208377647436
2020-11-01,Punta Chino,-19.70761781937975,11,manglar,2020,0.8287088482563828
2020-12-01,Punta Chino,-19.673399516835563,12,manglar,2020,0.862492154111933
2021-01-01,Punta Chino,-19.50669341640713,1,manglar,2021,1.0270790202046418
2021-02-01,Punta Chino,-19.79241775202383,2,manglar,2021,0.7449869261258006
2021-03-01,Punta Chino,-19.867798434121013,3,manglar,2021,0.6705645132781529
2021-04-01,Punta Chino,-19.809109333910556,4,manglar,2021,0.7285075342750786
2021-05-01,Punta Chino,-19.679731683849116,5,manglar,2021,0.8562404841271034
2021-06-01,Punta Chino,-19.760214744518628,6,manglar,2021,0.7767805561754503
2021-07-01,Punta Chino,-19.52204374979503,7,manglar,2021,1.0119238263677048
2021-08-01,Punta Chino,-19.815444702200796,8,manglar,2021,0.7222527037094658
2021-09-01,Punta Chino,-19.552383099690342,9,manglar,2021,0.9819701623702493
2021-10-01,Punta Chino,-19.663498474865072,10,manglar,2021,0.87226733009402
2021-11-01,Punta Chino,-19.632202529259544,11,manglar,2021,0.9031654291760816
2021-12-01,Punta Chino,-19.45698498345081,12,manglar,2021,1.0761555397659217
2022-02-01,Punta Chino,-19.55828251883442,2,manglar,2022,0.9761457389916451
2022-03-01,Punta Chino,-19.449251237105607,3,manglar,2022,1.0837909716477878
2022-04-01,Punta Chino,-19.430653071205374,4,manglar,2022,1.1021527102567823
2022-05-01,Punta Chino,-18.891904848726664,5,manglar,2022,1.6340521507865875
2022-06-01,Punta Chino,-19.391666809720093,6,manglar,2022,1.140643362860632
2022-07-01,Punta Chino,-19.253296503972464,7,manglar,2022,1.2772546501786337
2022-08-01,Punta Chino,-19.206164482354488,8,manglar,2022,1.3237875107685002
2022-09-01,Punta Chino,-19.19849025835088,9,manglar,2022,1.331364176980482
2022-10-01,Punta Chino,-19.235212560705083,10,manglar,2022,1.2951087031576631
2022-11-01,Punta Chino,-19.175220349534584,11,manglar,2022,1.3543382694491706
2022-12-01,Punta Chino,-19.348134912308623,12,manglar,2022,1.1836218654565762
2023-01-01,Punta Chino,-19.232880308788495,1,manglar,2023,1.297411306559119
2023-02-01,Punta Chino,-19.443771212798055,2,manglar,2023,1.0892013317040417
2023-03-01,Punta Chino,-19.54254252544936,3,manglar,2023,0.9916856393126857
2023-04-01,Punta Chino,-19.463211682010424,4,manglar,2023,1.0700079974780434
2023-05-01,Punta Chino,-19.09061388566512,5,manglar,2023,1.4378691822572418
2023-06-01,Punta Chino,-19.18989817972719,6,manglar,2023,1.3398470296790985
2023-07-01,Punta Chino,-19.36172805351477,7,manglar,2023,1.1702015256746139
2023-08-01,Punta Chino,-20.30153944911687,8,manglar,2023,0.24233738679284328
2023-09-01,Punta Chino,-20.49713757667961,9,manglar,2023,0.04922578052037882
2023-10-01,Punta Chino,-19.975246927331405,10,manglar,2023,0.564481948102476
2023-11-01,Punta Chino,-20.713112496953876,11,manglar,2023,-0.16400358056004974
2023-12-01,Punta Chino,-20.686806460010718,12,manglar,2023,-0.13803195643432006
2024-01-01,Punta Chino,-20.71077249665245,1,manglar,2024,-0.161693327274309
2024-02-01,Punta Chino,-20.85287968212283,2,manglar,2024,-0.3019939896118954
2024-03-01,Punta Chino,-21.178242757207187,3,manglar,2024,-0.6232209197170171
2024-04-01,Punta Chino,-21.012228849732427,4,manglar,2024,-0.4593174471455021
2024-05-01,Punta Chino,-21.028042679645022,5,manglar,2024,-0.47493024535473477
2024-06-01,Punta Chino,-20.993183344301023,6,manglar,2024,-0.44051405576360053
2024-07-01,Punta Chino,-20.728174945596503,7,manglar,2024,-0.1788745493572397
2024-08-01,Punta Chino,-20.972617399851334,8,manglar,2024,-0.42020955378969527
2024-09-01,Punta Chino,-20.559682797899892,9,manglar,2024,-0.012524340940478844
2024-10-01,Punta Chino,-20.503907372769223,10,manglar,2024,0.04254204477457992
2024-11-01,Punta Chino,-20.648596964895447,11,manglar,2024,-0.10030819563705365
2024-12-01,Punta Chino,-20.761267812049375,12,manglar,2024,-0.21154672611324896
2025-01-01,Punta Chino,-20.732356383088234,1,manglar,2025,-0.18300283075040918
2025-02-01,Punta Chino,-21.265196612823438,2,manglar,2025,-0.7090693832931937
2025-03-01,Punta Chino,-21.000542372614344,3,manglar,2025,-0.44777953317842945
2025-04-01,Punta Chino,-21.88498789191081,4,manglar,2025,-1.3209816288224199
2025-05-01,Punta Chino,-21.41810972488696,5,manglar,2025,-0.860038602981846
2025-06-01,Punta Chino,-21.591074115047636,6,manglar,2025,-1.0308042009354952
2025-07-01,Punta Chino,-21.551240480163745,7,manglar,2025,-0.9914769470811263
2025-08-01,Punta Chino,-20.874551545801538,8,manglar,2025,-0.3233903519291721
2025-09-01,Punta Chino,-21.24959931880034,9,manglar,2025,-0.6936703682829994
2025-10-01,Punta Chino,-20.856164683879722,10,manglar,2025,-0.30523723111827455
2025-11-01,Punta Chino,-21.258058381000286,11,manglar,2025,-0.702021895515623
2025-12-01,Punta Chino,-21.02052742863722,12,manglar,2025,-0.4675105312105284
2018-01-01,Rio Sevilla,-19.750334064398924,1,manglar,2018,1.4048344539080133
2018-02-01,Rio Sevilla,-19.89618998983511,2,manglar,2018,1.2789936015652976
2018-03-01,Rio Sevilla,-20.097549412373024,3,manglar,2018,1.1052657171229618
2018-04-01,Rio Sevilla,-22.21603145068662,4,manglar,2018,-0.7225077146170588
2018-05-01,Rio Sevilla,-22.261670202867666,5,manglar,2018,-0.7618836909933723
2018-06-01,Rio Sevilla,-21.948289706602466,6,manglar,2018,-0.4915068198469926
2018-07-01,Rio Sevilla,-23.05232297763542,7,manglar,2018,-1.4440391727563497
2018-08-01,Rio Sevilla,-22.627903494822252,8,manglar,2018,-1.077860635214312
2018-09-01,Rio Sevilla,-22.910887814001597,9,manglar,2018,-1.3220124433678442
2018-10-01,Rio Sevilla,-22.71335243405064,10,manglar,2018,-1.151583847432974
2018-11-01,Rio Sevilla,-23.02142719002282,11,manglar,2018,-1.4173830582697968
2018-12-01,Rio Sevilla,-23.115327627840628,12,manglar,2018,-1.4983980125475163
2019-01-01,Rio Sevilla,-23.177531454230582,1,manglar,2019,-1.5520659215370267
2019-02-01,Rio Sevilla,-23.477061881197027,2,manglar,2019,-1.8104932985483633
2019-03-01,Rio Sevilla,-23.538587764345817,3,manglar,2019,-1.8635762950288137
2019-04-01,Rio Sevilla,-23.255884590836864,4,manglar,2019,-1.6196670523431491
2019-05-01,Rio Sevilla,-22.7047276508111,5,manglar,2019,-1.1441425997024541
2019-06-01,Rio Sevilla,-23.171433405315486,6,manglar,2019,-1.546804677121976
2019-07-01,Rio Sevilla,-22.960625528776834,7,manglar,2019,-1.3649249023726928
2019-08-01,Rio Sevilla,-22.974076890533503,8,manglar,2019,-1.376530401590961
2019-09-01,Rio Sevilla,-22.796838845239446,9,manglar,2019,-1.2236138394378584
2019-10-01,Rio Sevilla,-22.8113475190829,10,manglar,2019,-1.2361315611372872
2019-11-01,Rio Sevilla,-23.30232215896305,11,manglar,2019,-1.6597322271808965
2019-12-01,Rio Sevilla,-22.821275800500025,12,manglar,2019,-1.2446974345640471
2020-01-01,Rio Sevilla,-22.16238404847872,1,manglar,2020,-0.6762220748693044
2020-02-01,Rio Sevilla,-20.98666192235021,2,manglar,2020,0.3381616330790733
2020-03-01,Rio Sevilla,-21.141640400281442,3,manglar,2020,0.2044500701150049
2020-04-01,Rio Sevilla,-21.098610477998847,4,manglar,2020,0.241575213163456
2020-05-01,Rio Sevilla,-20.67390175287365,5,manglar,2020,0.6080033017536968
2020-06-01,Rio Sevilla,-20.51355873074242,6,manglar,2020,0.7463432595706911
2020-07-01,Rio Sevilla,-20.554197355571805,7,manglar,2020,0.7112812682853048
2020-08-01,Rio Sevilla,-20.250265321590568,8,manglar,2020,0.9735062419781793
2020-09-01,Rio Sevilla,-20.186889588391296,9,manglar,2020,1.0281852429155132
2020-10-01,Rio Sevilla,-20.255152529001954,10,manglar,2020,0.9692896813935802
2020-11-01,Rio Sevilla,-20.244524010496338,11,manglar,2020,0.9784597019044863
2020-12-01,Rio Sevilla,-20.42654617733891,12,manglar,2020,0.8214155190765585
2021-01-01,Rio Sevilla,-20.474709908386696,1,manglar,2021,0.7798610539498712
2021-02-01,Rio Sevilla,-20.730735964774176,2,manglar,2021,0.5589681621362957
2021-03-01,Rio Sevilla,-20.845337180595603,3,manglar,2021,0.46009309322598707
2021-04-01,Rio Sevilla,-20.736026983366045,4,manglar,2021,0.554403203343084
2021-05-01,Rio Sevilla,-20.385803029933275,5,manglar,2021,0.8565676898321662
2021-06-01,Rio Sevilla,-20.21206066475892,6,manglar,2021,1.0064682664196138
2021-07-01,Rio Sevilla,-20.12622248794993,7,manglar,2021,1.0805273031086213
2021-08-01,Rio Sevilla,-20.414409993772114,8,manglar,2021,0.8318863153754814
2021-09-01,Rio Sevilla,-20.470192005138575,9,manglar,2021,0.7837589881191227
2021-10-01,Rio Sevilla,-20.458629461818447,10,manglar,2021,0.79373486192955
2021-11-01,Rio Sevilla,-20.23638921317877,11,manglar,2021,0.9854782020100971
2021-12-01,Rio Sevilla,-20.288842639107447,12,manglar,2021,0.9402226951980144
2022-02-01,Rio Sevilla,-20.38976741377699,2,manglar,2022,0.8531473183908623
2022-03-01,Rio Sevilla,-20.24890932506178,3,manglar,2022,0.9746761619416363
2022-04-01,Rio Sevilla,-20.277554823200248,4,manglar,2022,0.9499615410529333
2022-05-01,Rio Sevilla,-19.56505762538212,5,manglar,2022,1.564686341551058
2022-06-01,Rio Sevilla,-19.833314686051605,6,manglar,2022,1.3332408444919166
2022-07-01,Rio Sevilla,-19.972509522202134,7,manglar,2022,1.2131470137441844
2022-08-01,Rio Sevilla,-19.941183567371986,8,manglar,2022,1.2401742657703623
2022-09-01,Rio Sevilla,-19.911145849893174,9,manglar,2022,1.2660900587603234
2022-10-01,Rio Sevilla,-20.008825995329786,10,manglar,2022,1.1818140670791928
2022-11-01,Rio Sevilla,-19.915692148264814,11,manglar,2022,1.2621676259871568
2022-12-01,Rio Sevilla,-20.088522315195895,12,manglar,2022,1.1130540712782913
2023-01-01,Rio Sevilla,-19.96548914233042,1,manglar,2023,1.21920402229001
2023-02-01,Rio Sevilla,-20.206072105754057,2,manglar,2023,1.0116350456726528
2023-03-01,Rio Sevilla,-20.225103356561274,3,manglar,2023,0.9952153574387598
2023-04-01,Rio Sevilla,-20.195284659379144,4,manglar,2023,1.0209421851828284
2023-05-01,Rio Sevilla,-19.74020024380364,5,manglar,2023,1.413577661408053
2023-06-01,Rio Sevilla,-19.739356681899004,6,manglar,2023,1.414305465566613
2023-07-01,Rio Sevilla,-19.929709023952494,7,manglar,2023,1.250074215462733
2023-08-01,Rio Sevilla,-21.07158682673359,8,manglar,2023,0.26489054504635584
2023-09-01,Rio Sevilla,-21.720131468504672,9,manglar,2023,-0.2946575861571335
2023-10-01,Rio Sevilla,-21.191216395007483,10,manglar,2023,0.1616771391325579
2023-11-01,Rio Sevilla,-21.70820113833184,11,manglar,2023,-0.284364395029044
2023-12-01,Rio Sevilla,-21.389455843548287,12,manglar,2023,-0.009358909610205801
2024-01-01,Rio Sevilla,-22.03942672643807,1,manglar,2024,-0.5701375660562368
2024-02-01,Rio Sevilla,-21.668974428469866,2,manglar,2024,-0.2505205687404029
2024-03-01,Rio Sevilla,-22.330363288656415,3,manglar,2024,-0.8211503710398359
2024-04-01,Rio Sevilla,-22.101706132882242,4,manglar,2024,-0.6238706836302771
2024-05-01,Rio Sevilla,-21.703511244033997,5,manglar,2024,-0.28031807127446945
2024-06-01,Rio Sevilla,-21.904049321403303,6,manglar,2024,-0.4533373196036275
2024-07-01,Rio Sevilla,-21.908203850637662,7,manglar,2024,-0.45692174374252353
2024-08-01,Rio Sevilla,-22.34832681437276,8,manglar,2024,-0.8366488527125217
2024-09-01,Rio Sevilla,-21.842372851510603,9,manglar,2024,-0.4001244006387222
2024-10-01,Rio Sevilla,-21.668548203315954,10,manglar,2024,-0.2501528323149005
2024-11-01,Rio Sevilla,-21.503402348402883,11,manglar,2024,-0.10766911023794207
2024-12-01,Rio Sevilla,-21.844728796168937,12,manglar,2024,-0.40215705089266507
2025-01-01,Rio Sevilla,-21.811626200169126,1,manglar,2025,-0.37359695720490294
2025-02-01,Rio Sevilla,-22.0602047809674,2,manglar,2025,-0.5880643529466214
2025-03-01,Rio Sevilla,-22.078091855525184,3,manglar,2025,-0.6034968744676892
2025-04-01,Rio Sevilla,-23.026560586229376,4,manglar,2025,-1.4218120244027397
2025-05-01,Rio Sevilla,-22.1059008419684,5,manglar,2025,-0.6274897739425364
2025-06-01,Rio Sevilla,-22.2919624097763,6,manglar,2025,-0.7880190511120951
2025-07-01,Rio Sevilla,-22.331368775732834,7,manglar,2025,-0.8220178801954481
2025-08-01,Rio Sevilla,-21.86346593617082,8,manglar,2025,-0.41832298766383313
2025-09-01,Rio Sevilla,-22.340280408941585,9,manglar,2025,-0.8297066149204935
2025-10-01,Rio Sevilla,-22.109029340766384,10,manglar,2025,-0.6301889646275509
2025-11-01,Rio Sevilla,-22.203557114478603,11,manglar,2025,-0.7117451686585575
2025-12-01,Rio Sevilla,-22.17115321793482,12,manglar,2025,-0.6837878954240263
