CodigoEstacion,NombreEstacion,Variable,Parametro,Fecha,Unidad,Valor,NivelAprobacion
25027020,EL BANCO - AUT [25027020],CAUDAL,Caudal medio mensual,2013-01-01 00:00,m^3/s,2103,Preliminar
25027020,EL BANCO - AUT [25027020],CAUDAL,Caudal medio mensual,2013-02-01 00:00,m^3/s,2471,Preliminar
25027020,EL BANCO - AUT [25027020],CAUDAL,Caudal medio mensual,2013-03-01 00:00,m^3/s,2912,Preliminar
25027020,EL BANCO - AUT [25027020],CAUDAL,Caudal medio mensual,2013-04-01 00:00,m^3/s,3097,Preliminar
25027020,EL BANCO - AUT [25027020],CAUDAL,Caudal medio mensual,2013-05-01 00:00,m^3/s,4558,Preliminar
25027020,EL BANCO - AUT [25027020],CAUDAL,Caudal medio mensual,2013-06-01 00:00,m^3/s,4736,Preliminar
25027020,EL BANCO - AUT [25027020],CAUDAL,Caudal medio mensual,2013-07-01 00:00,m^3/s,3506,Preliminar
25027020,EL BANCO - AUT [25027020],CAUDAL,Caudal medio mensual,2013-08-01 00:00,m^3/s,3324,Preliminar
25027020,EL BANCO - AUT [25027020],CAUDAL,Caudal medio mensual,2013-09-01 00:00,m^3/s,3941,Preliminar
25027020,EL BANCO - AUT [25027020],CAUDAL,Caudal medio mensual,2013-10-01 00:00,m^3/s,4479,Preliminar
25027020,EL BANCO - AUT [25027020],CAUDAL,Caudal medio mensual,2013-11-01 00:00,m^3/s,4828,Preliminar
25027020,EL BANCO - AUT [25027020],CAUDAL,Caudal medio mensual,2013-12-01 00:00,m^3/s,4902,Preliminar
25027020,EL BANCO - AUT [25027020],CAUDAL,Caudal medio mensual,2014-01-01 00:00,m^3/s,3270,Preliminar
25027020,EL BANCO - AUT [25027020],CAUDAL,Caudal medio mensual,2014-02-01 00:00,m^3/s,2530,Preliminar
25027020,EL BANCO - AUT [25027020],CAUDAL,Caudal medio mensual,2014-03-01 00:00,m^3/s,3489,Preliminar
25027020,EL BANCO - AUT [25027020],CAUDAL,Caudal medio mensual,2014-04-01 00:00,m^3/s,2919,Preliminar
25027020,EL BANCO - AUT [25027020],CAUDAL,Caudal medio mensual,2014-05-01 00:00,m^3/s,4653,Preliminar
25027020,EL BANCO - AUT [25027020],CAUDAL,Caudal medio mensual,2014-06-01 00:00,m^3/s,4061,Preliminar
25027020,EL BANCO - AUT [25027020],CAUDAL,Caudal medio mensual,2014-07-01 00:00,m^3/s,2914,Preliminar
25027020,EL BANCO - AUT [25027020],CAUDAL,Caudal medio mensual,2014-08-01 00:00,m^3/s,2319,Preliminar
25027020,EL BANCO - AUT [25027020],CAUDAL,Caudal medio mensual,2014-09-01 00:00,m^3/s,2776,Preliminar
25027020,EL BANCO - AUT [25027020],CAUDAL,Caudal medio mensual,2014-10-01 00:00,m^3/s,4149,Preliminar
25027020,EL BANCO - AUT [25027020],CAUDAL,Caudal medio mensual,2014-11-01 00:00,m^3/s,5288,Preliminar
25027020,EL BANCO - AUT [25027020],CAUDAL,Caudal medio mensual,2014-12-01 00:00,m^3/s,4565,Preliminar
25027020,EL BANCO - AUT [25027020],CAUDAL,Caudal medio mensual,2015-01-01 00:00,m^3/s,2579,Preliminar
25027020,EL BANCO - AUT [25027020],CAUDAL,Caudal medio mensual,2015-02-01 00:00,m^3/s,2878,Preliminar
25027020,EL BANCO - AUT [25027020],CAUDAL,Caudal medio mensual,2015-03-01 00:00,m^3/s,2537,Preliminar
25027020,EL BANCO - AUT [25027020],CAUDAL,Caudal medio mensual,2015-04-01 00:00,m^3/s,3709,Preliminar
25027020,EL BANCO - AUT [25027020],CAUDAL,Caudal medio mensual,2015-05-01 00:00,m^3/s,3658,Preliminar
25027020,EL BANCO - AUT [25027020],CAUDAL,Caudal medio mensual,2015-06-01 00:00,m^3/s,3677,Preliminar
25027020,EL BANCO - AUT [25027020],CAUDAL,Caudal medio mensual,2015-07-01 00:00,m^3/s,2733,Preliminar
25027020,EL BANCO - AUT [25027020],CAUDAL,Caudal medio mensual,2015-08-01 00:00,m^3/s,2304,Preliminar
25027020,EL BANCO - AUT [25027020],CAUDAL,Caudal medio mensual,2015-09-01 00:00,m^3/s,2403,Preliminar
25027020,EL BANCO - AUT [25027020],CAUDAL,Caudal medio mensual,2015-10-01 00:00,m^3/s,2492,Preliminar
25027020,EL BANCO - AUT [25027020],CAUDAL,Caudal medio mensual,2015-11-01 00:00,m^3/s,3340,Preliminar
25027020,EL BANCO - AUT [25027020],CAUDAL,Caudal medio mensual,2015-12-01 00:00,m^3/s,2471,Preliminar
25027020,EL BANCO - AUT [25027020],CAUDAL,Caudal medio mensual,2016-01-01 00:00,m^3/s,1344.23535119049,Definitivo
25027020,EL BANCO - AUT [25027020],CAUDAL,Caudal medio mensual,2016-02-01 00:00,m^3/s,1245.65207758617,Definitivo
25027020,EL BANCO - AUT [25027020],CAUDAL,Caudal medio mensual,2016-03-01 00:00,m^3/s,1680.74713763439,Definitivo
25027020,EL BANCO - AUT [25027020],CAUDAL,Caudal medio mensual,2016-04-01 00:00,m^3/s,2480.66887499999,Definitivo
25027020,EL BANCO - AUT [25027020],CAUDAL,Caudal medio mensual,2016-05-01 00:00,m^3/s,3735.79998387097,Definitivo
25027020,EL BANCO - AUT [25027020],CAUDAL,Caudal medio mensual,2016-06-01 00:00,m^3/s,3348.43583527779,Definitivo
25027020,EL BANCO - AUT [25027020],CAUDAL,Caudal medio mensual,2016-07-01 00:00,m^3/s,2831.0233827957,Definitivo
25027020,EL BANCO - AUT [25027020],CAUDAL,Caudal medio mensual,2016-08-01 00:00,m^3/s,2717.80894462366,Definitivo
25027020,EL BANCO - AUT [25027020],CAUDAL,Caudal medio mensual,2016-09-01 00:00,m^3/s,3256.5759648611,Definitivo
25027020,EL BANCO - AUT [25027020],CAUDAL,Caudal medio mensual,2016-10-01 00:00,m^3/s,4201.72688776876,Definitivo
25027020,EL BANCO - AUT [25027020],CAUDAL,Caudal medio mensual,2016-11-01 00:00,m^3/s,5523.47274583328,Definitivo
25027020,EL BANCO - AUT [25027020],CAUDAL,Caudal medio mensual,2016-12-01 00:00,m^3/s,5765.34884645168,Definitivo
25027020,EL BANCO - AUT [25027020],CAUDAL,Caudal medio mensual,2017-01-01 00:00,m^3/s,4210.56409723122,Definitivo
25027020,EL BANCO - AUT [25027020],CAUDAL,Caudal medio mensual,2017-02-01 00:00,m^3/s,2901.98184778913,Definitivo
25027020,EL BANCO - AUT [25027020],CAUDAL,Caudal medio mensual,2017-03-01 00:00,m^3/s,3243.64809623651,Definitivo
25027020,EL BANCO - AUT [25027020],CAUDAL,Caudal medio mensual,2017-04-01 00:00,m^3/s,4595.26287527776,Definitivo
25027020,EL BANCO - AUT [25027020],CAUDAL,Caudal medio mensual,2017-05-01 00:00,m^3/s,6018.38260631718,Definitivo
25027020,EL BANCO - AUT [25027020],CAUDAL,Caudal medio mensual,2017-06-01 00:00,m^3/s,6063.72563035355,Definitivo
25027020,EL BANCO - AUT [25027020],CAUDAL,Caudal medio mensual,2017-07-01 00:00,m^3/s,4760.25112358263,Definitivo
25027020,EL BANCO - AUT [25027020],CAUDAL,Caudal medio mensual,2017-08-01 00:00,m^3/s,3759.32738010752,Definitivo
25027020,EL BANCO - AUT [25027020],CAUDAL,Caudal medio mensual,2017-09-01 00:00,m^3/s,4190.15183194444,Definitivo
25027020,EL BANCO - AUT [25027020],CAUDAL,Caudal medio mensual,2017-10-01 00:00,m^3/s,4605.75203861366,Definitivo
25027020,EL BANCO - AUT [25027020],CAUDAL,Caudal medio mensual,2017-11-01 00:00,m^3/s,5086.34325930552,Definitivo
25027020,EL BANCO - AUT [25027020],CAUDAL,Caudal medio mensual,2017-12-01 00:00,m^3/s,5049.97257500004,Definitivo
25027020,EL BANCO - AUT [25027020],CAUDAL,Caudal medio mensual,2018-01-01 00:00,m^3/s,4017.07608588714,Definitivo
25027020,EL BANCO - AUT [25027020],CAUDAL,Caudal medio mensual,2018-02-01 00:00,m^3/s,2619.89139598217,Definitivo
25027020,EL BANCO - AUT [25027020],CAUDAL,Caudal medio mensual,2018-03-01 00:00,m^3/s,2409.67983709674,Definitivo
25027020,EL BANCO - AUT [25027020],CAUDAL,Caudal medio mensual,2018-04-01 00:00,m^3/s,4165.71899666662,Definitivo
25027020,EL BANCO - AUT [25027020],CAUDAL,Caudal medio mensual,2018-05-01 00:00,m^3/s,5638.48082822572,Definitivo
25027020,EL BANCO - AUT [25027020],CAUDAL,Caudal medio mensual,2018-06-01 00:00,m^3/s,5724.24927416676,Definitivo
25027020,EL BANCO - AUT [25027020],CAUDAL,Caudal medio mensual,2018-07-01 00:00,m^3/s,3709.86123104843,Definitivo
25027020,EL BANCO - AUT [25027020],CAUDAL,Caudal medio mensual,2018-08-01 00:00,m^3/s,2928.34342379036,Definitivo
25027020,EL BANCO - AUT [25027020],CAUDAL,Caudal medio mensual,2018-09-01 00:00,m^3/s,3358.5688066666,Definitivo
25027020,EL BANCO - AUT [25027020],CAUDAL,Caudal medio mensual,2018-10-01 00:00,m^3/s,4865.46352258056,Definitivo
25027020,EL BANCO - AUT [25027020],CAUDAL,Caudal medio mensual,2018-11-01 00:00,m^3/s,6061.01819541668,Definitivo
25027020,EL BANCO - AUT [25027020],CAUDAL,Caudal medio mensual,2018-12-01 00:00,m^3/s,4223.57415604852,Definitivo
25027020,EL BANCO - AUT [25027020],CAUDAL,Caudal medio mensual,2019-01-01 00:00,m^3/s,2130.57120000003,Definitivo
25027020,EL BANCO - AUT [25027020],CAUDAL,Caudal medio mensual,2019-02-01 00:00,m^3/s,2251.03253571425,Definitivo
25027020,EL BANCO - AUT [25027020],CAUDAL,Caudal medio mensual,2019-03-01 00:00,m^3/s,2760.66659717737,Definitivo
25027020,EL BANCO - AUT [25027020],CAUDAL,Caudal medio mensual,2019-04-01 00:00,m^3/s,3963.88945624994,Definitivo
25027020,EL BANCO - AUT [25027020],CAUDAL,Caudal medio mensual,2019-05-01 00:00,m^3/s,4454.04889516125,Definitivo
25027020,EL BANCO - AUT [25027020],CAUDAL,Caudal medio mensual,2019-06-01 00:00,m^3/s,5244.78095500005,Definitivo
25027020,EL BANCO - AUT [25027020],CAUDAL,Caudal medio mensual,2019-07-01 00:00,m^3/s,3369.49810322586,Definitivo
25027020,EL BANCO - AUT [25027020],CAUDAL,Caudal medio mensual,2019-08-01 00:00,m^3/s,2466.15258387099,Definitivo
25027020,EL BANCO - AUT [25027020],CAUDAL,Caudal medio mensual,2019-09-01 00:00,m^3/s,2419.67918333328,Definitivo
25027020,EL BANCO - AUT [25027020],CAUDAL,Caudal medio mensual,2019-10-01 00:00,m^3/s,3776.65589354832,Definitivo
25027020,EL BANCO - AUT [25027020],CAUDAL,Caudal medio mensual,2019-11-01 00:00,m^3/s,4917.60742666668,Definitivo
25027020,EL BANCO - AUT [25027020],CAUDAL,Caudal medio mensual,2019-12-01 00:00,m^3/s,3859.12177500005,Definitivo
25027020,EL BANCO - AUT [25027020],CAUDAL,Caudal medio mensual,2020-01-01 00:00,m^3/s,2497.29408508069,Definitivo
25027020,EL BANCO - AUT [25027020],CAUDAL,Caudal medio mensual,2020-02-01 00:00,m^3/s,1661.3051823276,Definitivo
25027020,EL BANCO - AUT [25027020],CAUDAL,Caudal medio mensual,2020-03-01 00:00,m^3/s,2035.07890322582,Definitivo
25027020,EL BANCO - AUT [25027020],CAUDAL,Caudal medio mensual,2020-04-01 00:00,m^3/s,2327.67899749998,Definitivo
25027020,EL BANCO - AUT [25027020],CAUDAL,Caudal medio mensual,2020-05-01 00:00,m^3/s,2688.70126532256,Definitivo
25027020,EL BANCO - AUT [25027020],CAUDAL,Caudal medio mensual,2020-06-01 00:00,m^3/s,3478.16618458332,Definitivo
25027020,EL BANCO - AUT [25027020],CAUDAL,Caudal medio mensual,2020-07-01 00:00,m^3/s,3949.45999879029,Definitivo
25027020,EL BANCO - AUT [25027020],CAUDAL,Caudal medio mensual,2020-08-01 00:00,m^3/s,3696.96413548384,Definitivo
25027020,EL BANCO - AUT [25027020],CAUDAL,Caudal medio mensual,2020-09-01 00:00,m^3/s,4619.89261666666,Definitivo
25027020,EL BANCO - AUT [25027020],CAUDAL,Caudal medio mensual,2020-10-01 00:00,m^3/s,4765.35170967742,Definitivo
25027020,EL BANCO - AUT [25027020],CAUDAL,Caudal medio mensual,2020-11-01 00:00,m^3/s,5405.59576833326,Definitivo
25027020,EL BANCO - AUT [25027020],CAUDAL,Caudal medio mensual,2020-12-01 00:00,m^3/s,5627.56958440868,Definitivo
25027020,EL BANCO - AUT [25027020],CAUDAL,Caudal medio mensual,2022-01-01 00:00,m^3/s,3277.06425591402,Definitivo
25027020,EL BANCO - AUT [25027020],CAUDAL,Caudal medio mensual,2022-02-01 00:00,m^3/s,2712.53442142857,Definitivo
25027020,EL BANCO - AUT [25027020],CAUDAL,Caudal medio mensual,2022-03-01 00:00,m^3/s,3862.71012258058,Definitivo
25027020,EL BANCO - AUT [25027020],CAUDAL,Caudal medio mensual,2022-04-01 00:00,m^3/s,5213.47097499993,Definitivo
25027020,EL BANCO - AUT [25027020],CAUDAL,Caudal medio mensual,2022-05-01 00:00,m^3/s,6272.55264354839,Definitivo
25027020,EL BANCO - AUT [25027020],CAUDAL,Caudal medio mensual,2022-06-01 00:00,m^3/s,6314.09547874998,Definitivo
25027020,EL BANCO - AUT [25027020],CAUDAL,Caudal medio mensual,2022-07-01 00:00,m^3/s,6110.66524153228,Definitivo
25027020,EL BANCO - AUT [25027020],CAUDAL,Caudal medio mensual,2022-08-01 00:00,m^3/s,5920.91156767243,Definitivo
25027020,EL BANCO - AUT [25027020],CAUDAL,Caudal medio mensual,2022-09-01 00:00,m^3/s,5646.85821958331,Definitivo
25027020,EL BANCO - AUT [25027020],CAUDAL,Caudal medio mensual,2022-10-01 00:00,m^3/s,6172.54697862899,Definitivo
25027020,EL BANCO - AUT [25027020],CAUDAL,Caudal medio mensual,2022-11-01 00:00,m^3/s,6861.14007291668,Definitivo
25027020,EL BANCO - AUT [25027020],CAUDAL,Caudal medio mensual,2022-12-01 00:00,m^3/s,5389.44882258079,Definitivo
25027020,EL BANCO - AUT [25027020],CAUDAL,Caudal medio mensual,2023-01-01 00:00,m^3/s,3891.88753496864,Preliminar
25027020,EL BANCO - AUT [25027020],CAUDAL,Caudal medio mensual,2023-02-01 00:00,m^3/s,2859.71670721726,Preliminar
25027020,EL BANCO - AUT [25027020],CAUDAL,Caudal medio mensual,2023-03-01 00:00,m^3/s,3584.43384148744,Preliminar
25027020,EL BANCO - AUT [25027020],CAUDAL,Caudal medio mensual,2023-04-01 00:00,m^3/s,4029.53634569443,Preliminar
25027020,EL BANCO - AUT [25027020],CAUDAL,Caudal medio mensual,2023-05-01 00:00,m^3/s,3810.80946650984,Preliminar
25027020,EL BANCO - AUT [25027020],CAUDAL,Caudal medio mensual,2023-06-01 00:00,m^3/s,3945.35888569446,Preliminar
25027020,EL BANCO - AUT [25027020],CAUDAL,Caudal medio mensual,2023-07-01 00:00,m^3/s,3146.7516044355,Preliminar
25027020,EL BANCO - AUT [25027020],CAUDAL,Caudal medio mensual,2023-08-01 00:00,m^3/s,2541.50912643367,Preliminar
25027020,EL BANCO - AUT [25027020],CAUDAL,Caudal medio mensual,2023-09-01 00:00,m^3/s,2356.38114675927,Preliminar
25027020,EL BANCO - AUT [25027020],CAUDAL,Caudal medio mensual,2023-10-01 00:00,m^3/s,2828.53673752238,Preliminar
25027020,EL BANCO - AUT [25027020],CAUDAL,Caudal medio mensual,2023-11-01 00:00,m^3/s,4262.44729708335,Preliminar
25027020,EL BANCO - AUT [25027020],CAUDAL,Caudal medio mensual,2023-12-01 00:00,m^3/s,2482.9954468414,Preliminar
25027020,EL BANCO - AUT [25027020],CAUDAL,Caudal medio mensual,2024-01-01 00:00,m^3/s,2075.70511814235,En revisión
25027020,EL BANCO - AUT [25027020],CAUDAL,Caudal medio mensual,2024-02-01 00:00,m^3/s,1664.26559182769,En revisión
25027020,EL BANCO - AUT [25027020],CAUDAL,Caudal medio mensual,2024-03-01 00:00,m^3/s,1312.92938385415,En revisión
25027020,EL BANCO - AUT [25027020],CAUDAL,Caudal medio mensual,2024-04-01 00:00,m^3/s,1704.10209102178,En revisión
25027020,EL BANCO - AUT [25027020],CAUDAL,Caudal medio mensual,2024-05-01 00:00,m^3/s,4080.57105313619,En revisión
25027020,EL BANCO - AUT [25027020],CAUDAL,Caudal medio mensual,2024-06-01 00:00,m^3/s,4505.54441032405,En revisión
25027020,EL BANCO - AUT [25027020],CAUDAL,Caudal medio mensual,2024-07-01 00:00,m^3/s,4740.18174431008,En revisión
25027020,EL BANCO - AUT [25027020],CAUDAL,Caudal medio mensual,2024-08-01 00:00,m^3/s,3165.94170546597,En revisión
25027020,EL BANCO - AUT [25027020],CAUDAL,Caudal medio mensual,2024-09-01 00:00,m^3/s,2383.18967471758,En revisión
25027020,EL BANCO - AUT [25027020],CAUDAL,Caudal medio mensual,2024-10-01 00:00,m^3/s,3194.02553434139,En revisión
25027020,EL BANCO - AUT [25027020],CAUDAL,Caudal medio mensual,2024-11-01 00:00,m^3/s,4123.36701615272,En revisión
25027020,EL BANCO - AUT [25027020],CAUDAL,Caudal medio mensual,2024-12-01 00:00,m^3/s,4050.3506472984,En revisión
25027020,EL BANCO - AUT [25027020],CAUDAL,Caudal medio mensual,2025-01-01 00:00,m^3/s,3470.95813450721,Preliminar
25027020,EL BANCO - AUT [25027020],CAUDAL,Caudal medio mensual,2025-02-01 00:00,m^3/s,2606.33590943201,Preliminar
25027020,EL BANCO - AUT [25027020],CAUDAL,Caudal medio mensual,2025-03-01 00:00,m^3/s,3705.71349455645,Preliminar
25027020,EL BANCO - AUT [25027020],CAUDAL,Caudal medio mensual,2025-04-01 00:00,m^3/s,4344.81286944443,Preliminar
25027020,EL BANCO - AUT [25027020],CAUDAL,Caudal medio mensual,2025-05-01 00:00,m^3/s,5678.29691317202,Preliminar
25027020,EL BANCO - AUT [25027020],CAUDAL,Caudal medio mensual,2025-06-01 00:00,m^3/s,5539.74008555556,Preliminar
25027020,EL BANCO - AUT [25027020],CAUDAL,Caudal medio mensual,2025-07-01 00:00,m^3/s,4370.88005752692,Preliminar
25027020,EL BANCO - AUT [25027020],CAUDAL,Caudal medio mensual,2025-08-01 00:00,m^3/s,3319.82293870969,Preliminar
25027020,EL BANCO - AUT [25027020],CAUDAL,Caudal medio mensual,2025-09-01 00:00,m^3/s,3208.59279611111,Preliminar
25027020,EL BANCO - AUT [25027020],CAUDAL,Caudal medio mensual,2025-10-01 00:00,m^3/s,4194.01114032254,Preliminar
25027020,EL BANCO - AUT [25027020],CAUDAL,Caudal medio mensual,2025-11-01 00:00,m^3/s,5406.50198888889,Preliminar
25027020,EL BANCO - AUT [25027020],CAUDAL,Caudal medio mensual,2025-12-01 00:00,m^3/s,4331.49774354843,Preliminar
